연령,성별,담보명,가입금액,보험사,보험료
30,"남","상해후유장해(3~100%)",1000,"하나손해",570
30,"남","상해후유장해(3~100%)",1000,"메리츠화재",600
30,"남","상해후유장해(3~100%)",1000,"롯데손해보험",440
30,"남","상해후유장해(3~100%)",1000,"KB손해보험",680
30,"남","상해후유장해(3~100%)",1000,"농협손해",720
30,"남","상해후유장해(3~100%)",1000,"현대해상화재",617
30,"남","상해후유장해(3~100%)",1000,"삼성화재",580
30,"남","상해후유장해(3~100%)",1000,"흥국화재",880
30,"남","상해후유장해(3~100%)",1000,"한화손해보험",580
30,"남","상해후유장해(3~100%)",1000,"DB손해보험",710
30,"남","상해고도후유(80%이상)",1000,"하나손해",75
30,"남","상해고도후유(80%이상)",1000,"메리츠화재",90
30,"남","상해고도후유(80%이상)",1000,"롯데손해보험",71
30,"남","상해고도후유(80%이상)",1000,"KB손해보험",100
30,"남","상해고도후유(80%이상)",1000,"농협손해",116
30,"남","상해고도후유(80%이상)",1000,"현대해상화재",76
30,"남","상해고도후유(80%이상)",1000,"삼성화재",90
30,"남","상해고도후유(80%이상)",1000,"흥국화재",140
30,"남","상해고도후유(80%이상)",1000,"한화손해보험",90
30,"남","상해고도후유(80%이상)",1000,"DB손해보험",97
30,"남","상해사망",1000,"하나손해",580
30,"남","상해사망",1000,"메리츠화재",650
30,"남","상해사망",1000,"롯데손해보험",550
30,"남","상해사망",1000,"KB손해보험",730
30,"남","상해사망",1000,"농협손해",1010
30,"남","상해사망",1000,"현대해상화재",508
30,"남","상해사망",1000,"삼성화재",610
30,"남","상해사망",1000,"흥국화재",670
30,"남","상해사망",1000,"한화손해보험",610
30,"남","상해사망",1000,"DB손해보험",830
30,"남","질병후유장해(3~100%)",1000,"하나손해",9930
30,"남","질병후유장해(3~100%)",1000,"메리츠화재",11940
30,"남","질병후유장해(3~100%)",1000,"롯데손해보험",10010
30,"남","질병후유장해(3~100%)",1000,"KB손해보험",10570
30,"남","질병후유장해(3~100%)",1000,"농협손해",12125
30,"남","질병후유장해(3~100%)",1000,"현대해상화재",12995
30,"남","질병후유장해(3~100%)",1000,"삼성화재",9670
30,"남","질병후유장해(3~100%)",1000,"흥국화재",12550
30,"남","질병후유장해(3~100%)",1000,"한화손해보험",12930
30,"남","질병후유장해(3~100%)",1000,"DB손해보험",14290
30,"남","질병고도후유(80%이상)",1000,"하나손해",874
30,"남","질병고도후유(80%이상)",1000,"메리츠화재",938
30,"남","질병고도후유(80%이상)",1000,"롯데손해보험",880
30,"남","질병고도후유(80%이상)",1000,"KB손해보험",770
30,"남","질병고도후유(80%이상)",1000,"농협손해",953
30,"남","질병고도후유(80%이상)",1000,"현대해상화재",1153
30,"남","질병고도후유(80%이상)",1000,"삼성화재",710
30,"남","질병고도후유(80%이상)",1000,"흥국화재",920
30,"남","질병고도후유(80%이상)",1000,"한화손해보험",950
30,"남","질병고도후유(80%이상)",1000,"DB손해보험",740
30,"남","질병사망",1000,"하나손해",7380
30,"남","질병사망",1000,"메리츠화재",8820
30,"남","질병사망",1000,"롯데손해보험",6900
30,"남","질병사망",1000,"KB손해보험",8920
30,"남","질병사망",1000,"농협손해",8900
30,"남","질병사망",1000,"현대해상화재",9167
30,"남","질병사망",1000,"삼성화재",7870
30,"남","질병사망",1000,"흥국화재",8800
30,"남","질병사망",1000,"한화손해보험",9860
30,"남","질병사망",1000,"DB손해보험",9780
30,"남","가족일상생활중배상책임",10000,"메리츠화재",1870
30,"남","가족일상생활중배상책임",10000,"롯데손해보험",2145
30,"남","가족일상생활중배상책임",10000,"KB손해보험",3099
30,"남","가족일상생활중배상책임",10000,"현대해상화재",2718
30,"남","가족일상생활중배상책임",10000,"삼성화재",2888
30,"남","가족일상생활중배상책임",10000,"흥국화재",879
30,"남","가족일상생활중배상책임",10000,"한화손해보험",1736
30,"남","가족일상생활중배상책임",10000,"DB손해보험",2644
30,"남","암진단비(유사암제외)",3000,"하나손해",40380
30,"남","암진단비(유사암제외)",3000,"메리츠화재",38820
30,"남","암진단비(유사암제외)",3000,"롯데손해보험",36900
30,"남","암진단비(유사암제외)",3000,"KB손해보험",38520
30,"남","암진단비(유사암제외)",3000,"농협손해",38940
30,"남","암진단비(유사암제외)",3000,"현대해상화재",39405
30,"남","암진단비(유사암제외)",3000,"삼성화재",44700
30,"남","암진단비(유사암제외)",3000,"흥국화재",40290
30,"남","암진단비(유사암제외)",3000,"한화손해보험",43860
30,"남","암진단비(유사암제외)",3000,"DB손해보험",44700
30,"남","특정암진단비",500,"하나손해",4010
30,"남","특정암진단비",500,"KB손해보험",3460
30,"남","특정암진단비",500,"현대해상화재",3140
30,"남","특정암진단비",500,"삼성화재",3840
30,"남","특정암진단비",500,"흥국화재",3250
30,"남","특정암진단비",500,"DB손해보험",3695
30,"남","고액암진단비",1000,"하나손해",2090
30,"남","고액암진단비",1000,"메리츠화재",2340
30,"남","고액암진단비",1000,"롯데손해보험",1840
30,"남","고액암진단비",1000,"KB손해보험",1240
30,"남","고액암진단비",1000,"농협손해",2030
30,"남","고액암진단비",1000,"현대해상화재",2170
30,"남","고액암진단비",1000,"흥국화재",1910
30,"남","고액암진단비",1000,"DB손해보험",2490
30,"남","유사암진단비",1000,"하나손해",1800
30,"남","유사암진단비",1000,"메리츠화재",1730
30,"남","유사암진단비",1000,"롯데손해보험",1500
30,"남","유사암진단비",1000,"KB손해보험",1500
30,"남","유사암진단비",1000,"농협손해",1500
30,"남","유사암진단비",1000,"현대해상화재",2350
30,"남","유사암진단비",1000,"삼성화재",2500
30,"남","유사암진단비",1000,"흥국화재",1900
30,"남","유사암진단비",1000,"한화손해보험",2630
30,"남","유사암진단비",1000,"DB손해보험",2100
30,"남","암수술비(1회,유사암제외)",500,"롯데손해보험",5650
30,"남","암수술비(1회,유사암제외)",500,"KB손해보험",5375
30,"남","암수술비(1회,유사암제외)",500,"삼성화재",6250
30,"남","암수술비(1회,유사암제외)",500,"흥국화재",7150
30,"남","암수술비(1회,유사암제외)",500,"한화손해보험",5000
30,"남","암수술비(1회,유사암제외)",500,"DB손해보험",6030
30,"남","암수술비(매회,유사암포함)",300,"하나손해",4416
30,"남","암수술비(매회,유사암포함)",300,"메리츠화재",4190
30,"남","암수술비(매회,유사암포함)",300,"롯데손해보험",4710
30,"남","암수술비(매회,유사암포함)",300,"KB손해보험",4644
30,"남","암수술비(매회,유사암포함)",300,"농협손해",5916
30,"남","암수술비(매회,유사암포함)",300,"현대해상화재",5145
30,"남","암수술비(매회,유사암포함)",300,"삼성화재",6112
30,"남","암수술비(매회,유사암포함)",300,"흥국화재",6720
30,"남","암수술비(매회,유사암포함)",300,"한화손해보험",5508
30,"남","암수술비(매회,유사암포함)",300,"DB손해보험",5283
30,"남","암직접치료입원일당(1-180,요양병원제외)",2,"하나손해",1436
30,"남","암직접치료입원일당(1-180,요양병원제외)",2,"메리츠화재",1876
30,"남","암직접치료입원일당(1-180,요양병원제외)",2,"롯데손해보험",1314
30,"남","암직접치료입원일당(1-180,요양병원제외)",2,"KB손해보험",1544
30,"남","암직접치료입원일당(1-180,요양병원제외)",2,"농협손해",2148
30,"남","암직접치료입원일당(1-180,요양병원제외)",2,"현대해상화재",1764
30,"남","암직접치료입원일당(1-180,요양병원제외)",2,"삼성화재",2058
30,"남","암직접치료입원일당(1-180,요양병원제외)",2,"흥국화재",1736
30,"남","암직접치료입원일당(1-180,요양병원제외)",2,"한화손해보험",2204
30,"남","암직접치료입원일당(1-180,요양병원제외)",2,"DB손해보험",1982
30,"남","암요양병원입원비(1~90)",1,"하나손해",281
30,"남","암요양병원입원비(1~90)",1,"메리츠화재",267
30,"남","암요양병원입원비(1~90)",1,"롯데손해보험",147
30,"남","암요양병원입원비(1~90)",1,"KB손해보험",211
30,"남","암요양병원입원비(1~90)",1,"농협손해",327
30,"남","암요양병원입원비(1~90)",1,"현대해상화재",239
30,"남","암요양병원입원비(1~90)",1,"삼성화재",302
30,"남","암요양병원입원비(1~90)",1,"흥국화재",226
30,"남","암요양병원입원비(1~90)",1,"한화손해보험",322
30,"남","암요양병원입원비(1~90)",1,"DB손해보험",272
30,"남","항암방사선약물치료비(최초1회한)",300,"하나손해",1725
30,"남","항암방사선약물치료비(최초1회한)",300,"메리츠화재",2061
30,"남","항암방사선약물치료비(최초1회한)",300,"롯데손해보험",1593
30,"남","항암방사선약물치료비(최초1회한)",300,"KB손해보험",3300
30,"남","항암방사선약물치료비(최초1회한)",300,"농협손해",2142
30,"남","항암방사선약물치료비(최초1회한)",300,"현대해상화재",3117
30,"남","항암방사선약물치료비(최초1회한)",300,"삼성화재",3696
30,"남","항암방사선약물치료비(최초1회한)",300,"흥국화재",1479
30,"남","항암방사선약물치료비(최초1회한)",300,"한화손해보험",2790
30,"남","항암방사선약물치료비(최초1회한)",300,"DB손해보험",1833
30,"남","표적항암약물허가치료비(최초1회한)",1000,"하나손해",472
30,"남","표적항암약물허가치료비(최초1회한)",1000,"메리츠화재",330
30,"남","표적항암약물허가치료비(최초1회한)",1000,"롯데손해보험",239
30,"남","표적항암약물허가치료비(최초1회한)",1000,"KB손해보험",117
30,"남","표적항암약물허가치료비(최초1회한)",1000,"농협손해",229
30,"남","표적항암약물허가치료비(최초1회한)",1000,"현대해상화재",241
30,"남","표적항암약물허가치료비(최초1회한)",1000,"삼성화재",330
30,"남","표적항암약물허가치료비(최초1회한)",1000,"흥국화재",90
30,"남","표적항암약물허가치료비(최초1회한)",1000,"한화손해보험",350
30,"남","표적항암약물허가치료비(최초1회한)",1000,"DB손해보험",230
30,"남","뇌혈관질환진단비",1000,"하나손해",11650
30,"남","뇌혈관질환진단비",1000,"메리츠화재",11190
30,"남","뇌혈관질환진단비",1000,"롯데손해보험",10470
30,"남","뇌혈관질환진단비",1000,"KB손해보험",10800
30,"남","뇌혈관질환진단비",1000,"농협손해",9860
30,"남","뇌혈관질환진단비",1000,"현대해상화재",12555
30,"남","뇌혈관질환진단비",1000,"삼성화재",10390
30,"남","뇌혈관질환진단비",1000,"흥국화재",10490
30,"남","뇌혈관질환진단비",1000,"한화손해보험",11900
30,"남","뇌혈관질환진단비",1000,"DB손해보험",11920
30,"남","뇌졸중진단비",1000,"하나손해",6980
30,"남","뇌졸중진단비",1000,"메리츠화재",7770
30,"남","뇌졸중진단비",1000,"롯데손해보험",8540
30,"남","뇌졸중진단비",1000,"KB손해보험",8660
30,"남","뇌졸중진단비",1000,"농협손해",9850
30,"남","뇌졸중진단비",1000,"현대해상화재",7155
30,"남","뇌졸중진단비",1000,"삼성화재",7790
30,"남","뇌졸중진단비",1000,"흥국화재",10030
30,"남","뇌졸중진단비",1000,"한화손해보험",9410
30,"남","뇌졸중진단비",1000,"DB손해보험",8270
30,"남","뇌출혈진단비",1000,"하나손해",1640
30,"남","뇌출혈진단비",1000,"메리츠화재",2060
30,"남","뇌출혈진단비",1000,"롯데손해보험",1960
30,"남","뇌출혈진단비",1000,"KB손해보험",1940
30,"남","뇌출혈진단비",1000,"농협손해",2470
30,"남","뇌출혈진단비",1000,"현대해상화재",1690
30,"남","뇌출혈진단비",1000,"삼성화재",1910
30,"남","뇌출혈진단비",1000,"흥국화재",2200
30,"남","뇌출혈진단비",1000,"DB손해보험",1930
30,"남","뇌혈관질환수술비(매회)",500,"하나손해",1560
30,"남","뇌혈관질환수술비(매회)",500,"메리츠화재",1390
30,"남","뇌혈관질환수술비(매회)",500,"롯데손해보험",1600
30,"남","뇌혈관질환수술비(매회)",500,"KB손해보험",970
30,"남","뇌혈관질환수술비(매회)",500,"농협손해",1335
30,"남","뇌혈관질환수술비(매회)",500,"현대해상화재",2150
30,"남","뇌혈관질환수술비(매회)",500,"흥국화재",1050
30,"남","뇌혈관질환수술비(매회)",500,"한화손해보험",2250
30,"남","뇌혈관질환수술비(매회)",500,"DB손해보험",1450
30,"남","심장질환진단비",100,"KB손해보험",2390
30,"남","심장질환진단비",100,"농협손해",2704
30,"남","심장질환진단비",100,"현대해상화재",2830
30,"남","심장질환진단비",100,"삼성화재",2714
30,"남","심장질환진단비",100,"흥국화재",1966
30,"남","심장질환진단비",100,"한화손해보험",3190
30,"남","심장질환진단비",100,"DB손해보험",449
30,"남","허혈성심장질환진단비",1000,"하나손해",6890
30,"남","허혈성심장질환진단비",1000,"메리츠화재",6760
30,"남","허혈성심장질환진단비",1000,"롯데손해보험",6830
30,"남","허혈성심장질환진단비",1000,"KB손해보험",6760
30,"남","허혈성심장질환진단비",1000,"농협손해",5670
30,"남","허혈성심장질환진단비",1000,"현대해상화재",8715
30,"남","허혈성심장질환진단비",1000,"삼성화재",6400
30,"남","허혈성심장질환진단비",1000,"흥국화재",6940
30,"남","허혈성심장질환진단비",1000,"한화손해보험",8790
30,"남","허혈성심장질환진단비",1000,"DB손해보험",5350
30,"남","급성심근경색증진단비",1000,"하나손해",2620
30,"남","급성심근경색증진단비",1000,"메리츠화재",2600
30,"남","급성심근경색증진단비",1000,"롯데손해보험",2600
30,"남","급성심근경색증진단비",1000,"KB손해보험",2600
30,"남","급성심근경색증진단비",1000,"농협손해",4814
30,"남","급성심근경색증진단비",1000,"현대해상화재",2710
30,"남","급성심근경색증진단비",1000,"삼성화재",2900
30,"남","급성심근경색증진단비",1000,"흥국화재",3250
30,"남","급성심근경색증진단비",1000,"한화손해보험",4370
30,"남","급성심근경색증진단비",1000,"DB손해보험",2380
30,"남","허혈성심장질환수술비(매회)",500,"하나손해",1990
30,"남","허혈성심장질환수술비(매회)",500,"메리츠화재",1915
30,"남","허혈성심장질환수술비(매회)",500,"롯데손해보험",2100
30,"남","허혈성심장질환수술비(매회)",500,"KB손해보험",1900
30,"남","허혈성심장질환수술비(매회)",500,"농협손해",1870
30,"남","허혈성심장질환수술비(매회)",500,"현대해상화재",1550
30,"남","허혈성심장질환수술비(매회)",500,"흥국화재",3100
30,"남","허혈성심장질환수술비(매회)",500,"한화손해보험",3000
30,"남","허혈성심장질환수술비(매회)",500,"DB손해보험",1850
30,"남","상해수술비",10,"하나손해",586
30,"남","상해수술비",10,"메리츠화재",562
30,"남","상해수술비",10,"롯데손해보험",736
30,"남","상해수술비",10,"KB손해보험",433
30,"남","상해수술비",10,"농협손해",316
30,"남","상해수술비",10,"현대해상화재",630
30,"남","상해수술비",10,"삼성화재",725
30,"남","상해수술비",10,"흥국화재",472
30,"남","상해수술비",10,"한화손해보험",504
30,"남","상해수술비",10,"DB손해보험",517
30,"남","질병수술비",10,"하나손해",1949
30,"남","질병수술비",10,"메리츠화재",2105
30,"남","질병수술비",10,"롯데손해보험",2232
30,"남","질병수술비",10,"KB손해보험",1672
30,"남","질병수술비",10,"농협손해",1391
30,"남","질병수술비",10,"현대해상화재",2779
30,"남","질병수술비",10,"삼성화재",2166
30,"남","질병수술비",10,"흥국화재",2241
30,"남","질병수술비",10,"한화손해보험",2430
30,"남","질병수술비",10,"DB손해보험",4338
30,"남","N대질병수술비",100,"하나손해",16570
30,"남","N대질병수술비",100,"메리츠화재",14188
30,"남","N대질병수술비",100,"롯데손해보험",14160
30,"남","N대질병수술비",100,"KB손해보험",13370
30,"남","N대질병수술비",100,"농협손해",16238
30,"남","N대질병수술비",100,"현대해상화재",11400
30,"남","N대질병수술비",100,"삼성화재",15834
30,"남","N대질병수술비",100,"흥국화재",12370
30,"남","N대질병수술비",100,"한화손해보험",13740
30,"남","N대질병수술비",100,"DB손해보험",18020
30,"남","혈전용해치료비",200,"하나손해",204
30,"남","혈전용해치료비",200,"메리츠화재",358
30,"남","혈전용해치료비",200,"롯데손해보험",154
30,"남","혈전용해치료비",200,"KB손해보험",358
30,"남","혈전용해치료비",200,"농협손해",302
30,"남","혈전용해치료비",200,"현대해상화재",194
30,"남","혈전용해치료비",200,"삼성화재",182
30,"남","혈전용해치료비",200,"흥국화재",238
30,"남","혈전용해치료비",200,"한화손해보험",314
30,"남","혈전용해치료비",200,"DB손해보험",202
30,"남","상해(1~5종)수술비 (5종기준)",300,"메리츠화재",1240
30,"남","상해(1~5종)수술비 (5종기준)",300,"롯데손해보험",1126
30,"남","상해(1~5종)수술비 (5종기준)",300,"KB손해보험",1072
30,"남","상해(1~5종)수술비 (5종기준)",300,"농협손해",956
30,"남","상해(1~5종)수술비 (5종기준)",300,"현대해상화재",1508
30,"남","상해(1~5종)수술비 (5종기준)",300,"삼성화재",1725
30,"남","상해(1~5종)수술비 (5종기준)",300,"흥국화재",1068
30,"남","상해(1~5종)수술비 (5종기준)",300,"한화손해보험",1145
30,"남","상해(1~5종)수술비 (5종기준)",300,"DB손해보험",1577
30,"남","질병(1~5종)수술비 (5종기준)",300,"메리츠화재",10121
30,"남","질병(1~5종)수술비 (5종기준)",300,"롯데손해보험",12284
30,"남","질병(1~5종)수술비 (5종기준)",300,"KB손해보험",8035
30,"남","질병(1~5종)수술비 (5종기준)",300,"농협손해",8715
30,"남","질병(1~5종)수술비 (5종기준)",300,"현대해상화재",10592
30,"남","질병(1~5종)수술비 (5종기준)",300,"삼성화재",10047
30,"남","질병(1~5종)수술비 (5종기준)",300,"흥국화재",9319
30,"남","질병(1~5종)수술비 (5종기준)",300,"한화손해보험",9557
30,"남","질병(1~5종)수술비 (5종기준)",300,"DB손해보험",10390
30,"남","질병입원비",1,"하나손해",5456
30,"남","질병입원비",1,"메리츠화재",4739
30,"남","질병입원비",1,"롯데손해보험",6078
30,"남","질병입원비",1,"KB손해보험",5511
30,"남","질병입원비",1,"농협손해",7587
30,"남","질병입원비",1,"현대해상화재",5075
30,"남","질병입원비",1,"삼성화재",4169
30,"남","질병입원비",1,"흥국화재",5734
30,"남","질병입원비",1,"한화손해보험",7534
30,"남","질병입원비",1,"DB손해보험",5316
30,"남","질병중환자실입원비",2,"하나손해",76
30,"남","질병중환자실입원비",2,"메리츠화재",46
30,"남","질병중환자실입원비",2,"롯데손해보험",58
30,"남","질병중환자실입원비",2,"KB손해보험",46
30,"남","질병중환자실입원비",2,"농협손해",88
30,"남","질병중환자실입원비",2,"현대해상화재",96
30,"남","질병중환자실입원비",2,"삼성화재",122
30,"남","질병중환자실입원비",2,"흥국화재",74
30,"남","질병중환자실입원비",2,"한화손해보험",74
30,"남","질병중환자실입원비",2,"DB손해보험",112
30,"남","상해입원비",1,"하나손해",1332
30,"남","상해입원비",1,"메리츠화재",1096
30,"남","상해입원비",1,"롯데손해보험",1595
30,"남","상해입원비",1,"KB손해보험",1405
30,"남","상해입원비",1,"농협손해",1817
30,"남","상해입원비",1,"현대해상화재",1407
30,"남","상해입원비",1,"삼성화재",1320
30,"남","상해입원비",1,"흥국화재",2809
30,"남","상해입원비",1,"한화손해보험",1900
30,"남","상해입원비",1,"DB손해보험",1275
30,"남","상해중환자실입원비",2,"하나손해",230
30,"남","상해중환자실입원비",2,"메리츠화재",180
30,"남","상해중환자실입원비",2,"롯데손해보험",308
30,"남","상해중환자실입원비",2,"KB손해보험",224
30,"남","상해중환자실입원비",2,"농협손해",360
30,"남","상해중환자실입원비",2,"현대해상화재",136
30,"남","상해중환자실입원비",2,"삼성화재",290
30,"남","상해중환자실입원비",2,"흥국화재",388
30,"남","상해중환자실입원비",2,"한화손해보험",290
30,"남","상해중환자실입원비",2,"DB손해보험",224
30,"남","골절진단비(치아파절제외)",10,"하나손해",395
30,"남","골절진단비(치아파절제외)",10,"메리츠화재",675
30,"남","골절진단비(치아파절제외)",10,"롯데손해보험",560
30,"남","골절진단비(치아파절제외)",10,"KB손해보험",560
30,"남","골절진단비(치아파절제외)",10,"농협손해",641
30,"남","골절진단비(치아파절제외)",10,"현대해상화재",691
30,"남","골절진단비(치아파절제외)",10,"삼성화재",664
30,"남","골절진단비(치아파절제외)",10,"흥국화재",688
30,"남","골절진단비(치아파절제외)",10,"한화손해보험",672
30,"남","골절진단비(치아파절제외)",10,"DB손해보험",692
30,"남","화상진단비",10,"하나손해",69
30,"남","화상진단비",10,"메리츠화재",82
30,"남","화상진단비",10,"롯데손해보험",102
30,"남","화상진단비",10,"KB손해보험",63
30,"남","화상진단비",10,"농협손해",64
30,"남","화상진단비",10,"현대해상화재",87
30,"남","화상진단비",10,"삼성화재",84
30,"남","화상진단비",10,"흥국화재",53
30,"남","화상진단비",10,"한화손해보험",78
30,"남","화상진단비",10,"DB손해보험",85
30,"여","상해후유장해(3~100%)",1000,"하나손해",350
30,"여","상해후유장해(3~100%)",1000,"메리츠화재",520
30,"여","상해후유장해(3~100%)",1000,"롯데손해보험",470
30,"여","상해후유장해(3~100%)",1000,"농협손해",362
30,"여","상해후유장해(3~100%)",1000,"한화손해보험",460
30,"여","상해후유장해(3~100%)",1000,"삼성화재",320
30,"여","상해후유장해(3~100%)",1000,"흥국화재",560
30,"여","상해후유장해(3~100%)",1000,"KB손해보험",470
30,"여","상해후유장해(3~100%)",1000,"현대해상화재",420
30,"여","상해후유장해(3~100%)",1000,"DB손해보험",500
30,"여","상해고도후유(80%이상)",1000,"하나손해",30
30,"여","상해고도후유(80%이상)",1000,"메리츠화재",50
30,"여","상해고도후유(80%이상)",1000,"롯데손해보험",50
30,"여","상해고도후유(80%이상)",1000,"농협손해",37
30,"여","상해고도후유(80%이상)",1000,"한화손해보험",50
30,"여","상해고도후유(80%이상)",1000,"삼성화재",30
30,"여","상해고도후유(80%이상)",1000,"흥국화재",60
30,"여","상해고도후유(80%이상)",1000,"KB손해보험",40
30,"여","상해고도후유(80%이상)",1000,"현대해상화재",32
30,"여","상해고도후유(80%이상)",1000,"DB손해보험",41
30,"여","상해사망",1000,"하나손해",240
30,"여","상해사망",1000,"메리츠화재",250
30,"여","상해사망",1000,"롯데손해보험",200
30,"여","상해사망",1000,"농협손해",390
30,"여","상해사망",1000,"한화손해보험",240
30,"여","상해사망",1000,"삼성화재",230
30,"여","상해사망",1000,"흥국화재",250
30,"여","상해사망",1000,"KB손해보험",310
30,"여","상해사망",1000,"현대해상화재",232
30,"여","상해사망",1000,"DB손해보험",370
30,"여","질병후유장해(3~100%)",1000,"하나손해",8520
30,"여","질병후유장해(3~100%)",1000,"메리츠화재",11310
30,"여","질병후유장해(3~100%)",1000,"롯데손해보험",8740
30,"여","질병후유장해(3~100%)",1000,"농협손해",15802
30,"여","질병후유장해(3~100%)",1000,"한화손해보험",11350
30,"여","질병후유장해(3~100%)",1000,"삼성화재",10120
30,"여","질병후유장해(3~100%)",1000,"흥국화재",9730
30,"여","질병후유장해(3~100%)",1000,"KB손해보험",10450
30,"여","질병후유장해(3~100%)",1000,"현대해상화재",14975
30,"여","질병후유장해(3~100%)",1000,"DB손해보험",12820
30,"여","질병고도후유(80%이상)",1000,"하나손해",440
30,"여","질병고도후유(80%이상)",1000,"메리츠화재",911
30,"여","질병고도후유(80%이상)",1000,"롯데손해보험",430
30,"여","질병고도후유(80%이상)",1000,"농협손해",1268
30,"여","질병고도후유(80%이상)",1000,"한화손해보험",915
30,"여","질병고도후유(80%이상)",1000,"삼성화재",790
30,"여","질병고도후유(80%이상)",1000,"흥국화재",780
30,"여","질병고도후유(80%이상)",1000,"KB손해보험",820
30,"여","질병고도후유(80%이상)",1000,"현대해상화재",801
30,"여","질병고도후유(80%이상)",1000,"DB손해보험",630
30,"여","질병사망",1000,"하나손해",2970
30,"여","질병사망",1000,"메리츠화재",3530
30,"여","질병사망",1000,"롯데손해보험",2610
30,"여","질병사망",1000,"농협손해",4030
30,"여","질병사망",1000,"한화손해보험",4110
30,"여","질병사망",1000,"삼성화재",3170
30,"여","질병사망",1000,"흥국화재",3260
30,"여","질병사망",1000,"KB손해보험",3830
30,"여","질병사망",1000,"현대해상화재",3305
30,"여","질병사망",1000,"DB손해보험",4120
30,"여","가족일상생활중배상책임",10000,"메리츠화재",1870
30,"여","가족일상생활중배상책임",10000,"롯데손해보험",2145
30,"여","가족일상생활중배상책임",10000,"한화손해보험",1818
30,"여","가족일상생활중배상책임",10000,"삼성화재",2935
30,"여","가족일상생활중배상책임",10000,"흥국화재",879
30,"여","가족일상생활중배상책임",10000,"KB손해보험",3099
30,"여","가족일상생활중배상책임",10000,"현대해상화재",2718
30,"여","가족일상생활중배상책임",10000,"DB손해보험",2644
30,"여","암진단비(유사암제외)",3000,"하나손해",27090
30,"여","암진단비(유사암제외)",3000,"메리츠화재",21750
30,"여","암진단비(유사암제외)",3000,"롯데손해보험",25680
30,"여","암진단비(유사암제외)",3000,"농협손해",21060
30,"여","암진단비(유사암제외)",3000,"한화손해보험",24300
30,"여","암진단비(유사암제외)",3000,"삼성화재",26970
30,"여","암진단비(유사암제외)",3000,"흥국화재",25770
30,"여","암진단비(유사암제외)",3000,"KB손해보험",26850
30,"여","암진단비(유사암제외)",3000,"현대해상화재",26364
30,"여","암진단비(유사암제외)",3000,"DB손해보험",29430
30,"여","특정암진단비",500,"하나손해",1750
30,"여","특정암진단비",500,"삼성화재",1455
30,"여","특정암진단비",500,"흥국화재",1325
30,"여","특정암진단비",500,"KB손해보험",1555
30,"여","특정암진단비",500,"현대해상화재",1335
30,"여","특정암진단비",500,"DB손해보험",1610
30,"여","고액암진단비",1000,"하나손해",1140
30,"여","고액암진단비",1000,"메리츠화재",1420
30,"여","고액암진단비",1000,"롯데손해보험",1060
30,"여","고액암진단비",1000,"농협손해",1160
30,"여","고액암진단비",1000,"흥국화재",1120
30,"여","고액암진단비",1000,"KB손해보험",1000
30,"여","고액암진단비",1000,"현대해상화재",1210
30,"여","고액암진단비",1000,"DB손해보험",1380
30,"여","유사암진단비",1000,"하나손해",5100
30,"여","유사암진단비",1000,"메리츠화재",5930
30,"여","유사암진단비",1000,"롯데손해보험",4950
30,"여","유사암진단비",1000,"농협손해",3650
30,"여","유사암진단비",1000,"한화손해보험",6260
30,"여","유사암진단비",1000,"삼성화재",6100
30,"여","유사암진단비",1000,"흥국화재",5500
30,"여","유사암진단비",1000,"KB손해보험",4630
30,"여","유사암진단비",1000,"현대해상화재",7040
30,"여","유사암진단비",1000,"DB손해보험",6600
30,"여","암수술비(1회,유사암제외)",500,"롯데손해보험",4150
30,"여","암수술비(1회,유사암제외)",500,"한화손해보험",2900
30,"여","암수술비(1회,유사암제외)",500,"삼성화재",4150
30,"여","암수술비(1회,유사암제외)",500,"흥국화재",4650
30,"여","암수술비(1회,유사암제외)",500,"KB손해보험",4050
30,"여","암수술비(1회,유사암제외)",500,"DB손해보험",4105
30,"여","암수술비(매회,유사암포함)",300,"하나손해",3219
30,"여","암수술비(매회,유사암포함)",300,"메리츠화재",3376
30,"여","암수술비(매회,유사암포함)",300,"롯데손해보험",3324
30,"여","암수술비(매회,유사암포함)",300,"농협손해",3765
30,"여","암수술비(매회,유사암포함)",300,"한화손해보험",2988
30,"여","암수술비(매회,유사암포함)",300,"삼성화재",3678
30,"여","암수술비(매회,유사암포함)",300,"흥국화재",3942
30,"여","암수술비(매회,유사암포함)",300,"KB손해보험",3297
30,"여","암수술비(매회,유사암포함)",300,"현대해상화재",4407
30,"여","암수술비(매회,유사암포함)",300,"DB손해보험",3453
30,"여","암직접치료입원일당(1-180,요양병원제외)",2,"하나손해",988
30,"여","암직접치료입원일당(1-180,요양병원제외)",2,"메리츠화재",1254
30,"여","암직접치료입원일당(1-180,요양병원제외)",2,"롯데손해보험",886
30,"여","암직접치료입원일당(1-180,요양병원제외)",2,"농협손해",1014
30,"여","암직접치료입원일당(1-180,요양병원제외)",2,"한화손해보험",1368
30,"여","암직접치료입원일당(1-180,요양병원제외)",2,"삼성화재",1122
30,"여","암직접치료입원일당(1-180,요양병원제외)",2,"흥국화재",1102
30,"여","암직접치료입원일당(1-180,요양병원제외)",2,"KB손해보험",924
30,"여","암직접치료입원일당(1-180,요양병원제외)",2,"현대해상화재",1318
30,"여","암직접치료입원일당(1-180,요양병원제외)",2,"DB손해보험",1292
30,"여","암요양병원입원비(1~90)",1,"하나손해",265
30,"여","암요양병원입원비(1~90)",1,"메리츠화재",317
30,"여","암요양병원입원비(1~90)",1,"롯데손해보험",196
30,"여","암요양병원입원비(1~90)",1,"농협손해",270
30,"여","암요양병원입원비(1~90)",1,"한화손해보험",351
30,"여","암요양병원입원비(1~90)",1,"삼성화재",299
30,"여","암요양병원입원비(1~90)",1,"흥국화재",287
30,"여","암요양병원입원비(1~90)",1,"KB손해보험",242
30,"여","암요양병원입원비(1~90)",1,"현대해상화재",359
30,"여","암요양병원입원비(1~90)",1,"DB손해보험",344
30,"여","항암방사선약물치료비(최초1회한)",300,"하나손해",1482
30,"여","항암방사선약물치료비(최초1회한)",300,"메리츠화재",1956
30,"여","항암방사선약물치료비(최초1회한)",300,"롯데손해보험",1614
30,"여","항암방사선약물치료비(최초1회한)",300,"농협손해",1545
30,"여","항암방사선약물치료비(최초1회한)",300,"한화손해보험",2197
30,"여","항암방사선약물치료비(최초1회한)",300,"삼성화재",2229
30,"여","항암방사선약물치료비(최초1회한)",300,"흥국화재",1401
30,"여","항암방사선약물치료비(최초1회한)",300,"KB손해보험",2127
30,"여","항암방사선약물치료비(최초1회한)",300,"현대해상화재",2706
30,"여","항암방사선약물치료비(최초1회한)",300,"DB손해보험",1818
30,"여","표적항암약물허가치료비(최초1회한)",1000,"하나손해",664
30,"여","표적항암약물허가치료비(최초1회한)",1000,"메리츠화재",630
30,"여","표적항암약물허가치료비(최초1회한)",1000,"롯데손해보험",496
30,"여","표적항암약물허가치료비(최초1회한)",1000,"농협손해",320
30,"여","표적항암약물허가치료비(최초1회한)",1000,"한화손해보험",260
30,"여","표적항암약물허가치료비(최초1회한)",1000,"삼성화재",480
30,"여","표적항암약물허가치료비(최초1회한)",1000,"흥국화재",290
30,"여","표적항암약물허가치료비(최초1회한)",1000,"KB손해보험",199
30,"여","표적항암약물허가치료비(최초1회한)",1000,"현대해상화재",739
30,"여","표적항암약물허가치료비(최초1회한)",1000,"DB손해보험",530
30,"여","뇌혈관질환진단비",1000,"하나손해",7910
30,"여","뇌혈관질환진단비",1000,"메리츠화재",7150
30,"여","뇌혈관질환진단비",1000,"롯데손해보험",7210
30,"여","뇌혈관질환진단비",1000,"농협손해",6300
30,"여","뇌혈관질환진단비",1000,"한화손해보험",7150
30,"여","뇌혈관질환진단비",1000,"삼성화재",8090
30,"여","뇌혈관질환진단비",1000,"흥국화재",7400
30,"여","뇌혈관질환진단비",1000,"KB손해보험",7750
30,"여","뇌혈관질환진단비",1000,"현대해상화재",8275
30,"여","뇌혈관질환진단비",1000,"DB손해보험",9280
30,"여","뇌졸중진단비",1000,"하나손해",3630
30,"여","뇌졸중진단비",1000,"메리츠화재",3440
30,"여","뇌졸중진단비",1000,"롯데손해보험",3960
30,"여","뇌졸중진단비",1000,"농협손해",3960
30,"여","뇌졸중진단비",1000,"한화손해보험",3800
30,"여","뇌졸중진단비",1000,"삼성화재",4290
30,"여","뇌졸중진단비",1000,"흥국화재",4630
30,"여","뇌졸중진단비",1000,"KB손해보험",4100
30,"여","뇌졸중진단비",1000,"현대해상화재",3570
30,"여","뇌졸중진단비",1000,"DB손해보험",4680
30,"여","뇌출혈진단비",1000,"하나손해",1090
30,"여","뇌출혈진단비",1000,"메리츠화재",1680
30,"여","뇌출혈진단비",1000,"롯데손해보험",1400
30,"여","뇌출혈진단비",1000,"농협손해",1530
30,"여","뇌출혈진단비",1000,"삼성화재",1210
30,"여","뇌출혈진단비",1000,"흥국화재",1570
30,"여","뇌출혈진단비",1000,"KB손해보험",1370
30,"여","뇌출혈진단비",1000,"현대해상화재",1080
30,"여","뇌출혈진단비",1000,"DB손해보험",1410
30,"여","뇌혈관질환수술비(매회)",500,"하나손해",1320
30,"여","뇌혈관질환수술비(매회)",500,"메리츠화재",1280
30,"여","뇌혈관질환수술비(매회)",500,"롯데손해보험",700
30,"여","뇌혈관질환수술비(매회)",500,"농협손해",1205
30,"여","뇌혈관질환수술비(매회)",500,"한화손해보험",1750
30,"여","뇌혈관질환수술비(매회)",500,"흥국화재",950
30,"여","뇌혈관질환수술비(매회)",500,"KB손해보험",1075
30,"여","뇌혈관질환수술비(매회)",500,"현대해상화재",1700
30,"여","뇌혈관질환수술비(매회)",500,"DB손해보험",1200
30,"여","심장질환진단비",100,"농협손해",1064
30,"여","심장질환진단비",100,"한화손해보험",1182
30,"여","심장질환진단비",100,"삼성화재",2498
30,"여","심장질환진단비",100,"흥국화재",869
30,"여","심장질환진단비",100,"KB손해보험",1548
30,"여","심장질환진단비",100,"현대해상화재",1795
30,"여","심장질환진단비",100,"DB손해보험",269
30,"여","허혈성심장질환진단비",1000,"하나손해",2390
30,"여","허혈성심장질환진단비",1000,"메리츠화재",2110
30,"여","허혈성심장질환진단비",1000,"롯데손해보험",2360
30,"여","허혈성심장질환진단비",1000,"농협손해",2100
30,"여","허혈성심장질환진단비",1000,"한화손해보험",2340
30,"여","허혈성심장질환진단비",1000,"삼성화재",2450
30,"여","허혈성심장질환진단비",1000,"흥국화재",2370
30,"여","허혈성심장질환진단비",1000,"KB손해보험",2630
30,"여","허혈성심장질환진단비",1000,"현대해상화재",3225
30,"여","허혈성심장질환진단비",1000,"DB손해보험",3210
30,"여","급성심근경색증진단비",1000,"하나손해",610
30,"여","급성심근경색증진단비",1000,"메리츠화재",510
30,"여","급성심근경색증진단비",1000,"롯데손해보험",560
30,"여","급성심근경색증진단비",1000,"농협손해",1488
30,"여","급성심근경색증진단비",1000,"한화손해보험",880
30,"여","급성심근경색증진단비",1000,"삼성화재",650
30,"여","급성심근경색증진단비",1000,"흥국화재",710
30,"여","급성심근경색증진단비",1000,"KB손해보험",660
30,"여","급성심근경색증진단비",1000,"현대해상화재",845
30,"여","급성심근경색증진단비",1000,"DB손해보험",1220
30,"여","허혈성심장질환수술비(매회)",500,"하나손해",675
30,"여","허혈성심장질환수술비(매회)",500,"메리츠화재",1140
30,"여","허혈성심장질환수술비(매회)",500,"롯데손해보험",600
30,"여","허혈성심장질환수술비(매회)",500,"농협손해",1180
30,"여","허혈성심장질환수술비(매회)",500,"한화손해보험",1600
30,"여","허혈성심장질환수술비(매회)",500,"흥국화재",1700
30,"여","허혈성심장질환수술비(매회)",500,"KB손해보험",1000
30,"여","허혈성심장질환수술비(매회)",500,"현대해상화재",400
30,"여","허혈성심장질환수술비(매회)",500,"DB손해보험",600
30,"여","상해수술비",10,"하나손해",337
30,"여","상해수술비",10,"메리츠화재",414
30,"여","상해수술비",10,"롯데손해보험",347
30,"여","상해수술비",10,"농협손해",202
30,"여","상해수술비",10,"한화손해보험",436
30,"여","상해수술비",10,"삼성화재",394
30,"여","상해수술비",10,"흥국화재",463
30,"여","상해수술비",10,"KB손해보험",617
30,"여","상해수술비",10,"현대해상화재",444
30,"여","상해수술비",10,"DB손해보험",410
30,"여","질병수술비",10,"하나손해",1872
30,"여","질병수술비",10,"메리츠화재",2033
30,"여","질병수술비",10,"롯데손해보험",1984
30,"여","질병수술비",10,"농협손해",1440
30,"여","질병수술비",10,"한화손해보험",2338
30,"여","질병수술비",10,"삼성화재",2056
30,"여","질병수술비",10,"흥국화재",2247
30,"여","질병수술비",10,"KB손해보험",1737
30,"여","질병수술비",10,"현대해상화재",2824
30,"여","질병수술비",10,"DB손해보험",4104
30,"여","N대질병수술비",100,"하나손해",17920
30,"여","N대질병수술비",100,"메리츠화재",14999
30,"여","N대질병수술비",100,"롯데손해보험",11950
30,"여","N대질병수술비",100,"농협손해",17427
30,"여","N대질병수술비",100,"한화손해보험",14760
30,"여","N대질병수술비",100,"삼성화재",16402
30,"여","N대질병수술비",100,"흥국화재",14180
30,"여","N대질병수술비",100,"KB손해보험",14750
30,"여","N대질병수술비",100,"현대해상화재",12246
30,"여","N대질병수술비",100,"DB손해보험",17610
30,"여","혈전용해치료비",200,"하나손해",78
30,"여","혈전용해치료비",200,"메리츠화재",142
30,"여","혈전용해치료비",200,"롯데손해보험",58
30,"여","혈전용해치료비",200,"농협손해",88
30,"여","혈전용해치료비",200,"한화손해보험",128
30,"여","혈전용해치료비",200,"삼성화재",64
30,"여","혈전용해치료비",200,"흥국화재",118
30,"여","혈전용해치료비",200,"KB손해보험",154
30,"여","혈전용해치료비",200,"현대해상화재",84
30,"여","혈전용해치료비",200,"DB손해보험",100
30,"여","상해(1~5종)수술비 (5종기준)",300,"메리츠화재",607
30,"여","상해(1~5종)수술비 (5종기준)",300,"롯데손해보험",774
30,"여","상해(1~5종)수술비 (5종기준)",300,"농협손해",639
30,"여","상해(1~5종)수술비 (5종기준)",300,"한화손해보험",1076
30,"여","상해(1~5종)수술비 (5종기준)",300,"삼성화재",1002
30,"여","상해(1~5종)수술비 (5종기준)",300,"흥국화재",1098
30,"여","상해(1~5종)수술비 (5종기준)",300,"KB손해보험",1719
30,"여","상해(1~5종)수술비 (5종기준)",300,"현대해상화재",1396
30,"여","상해(1~5종)수술비 (5종기준)",300,"DB손해보험",1257
30,"여","질병(1~5종)수술비 (5종기준)",300,"메리츠화재",7879
30,"여","질병(1~5종)수술비 (5종기준)",300,"롯데손해보험",9863
30,"여","질병(1~5종)수술비 (5종기준)",300,"농협손해",8710
30,"여","질병(1~5종)수술비 (5종기준)",300,"한화손해보험",10004
30,"여","질병(1~5종)수술비 (5종기준)",300,"삼성화재",9223
30,"여","질병(1~5종)수술비 (5종기준)",300,"흥국화재",9490
30,"여","질병(1~5종)수술비 (5종기준)",300,"KB손해보험",8561
30,"여","질병(1~5종)수술비 (5종기준)",300,"현대해상화재",10433
30,"여","질병(1~5종)수술비 (5종기준)",300,"DB손해보험",9519
30,"여","질병입원비",1,"하나손해",5224
30,"여","질병입원비",1,"메리츠화재",4772
30,"여","질병입원비",1,"롯데손해보험",5783
30,"여","질병입원비",1,"농협손해",6392
30,"여","질병입원비",1,"한화손해보험",8200
30,"여","질병입원비",1,"삼성화재",3830
30,"여","질병입원비",1,"흥국화재",6176
30,"여","질병입원비",1,"KB손해보험",5793
30,"여","질병입원비",1,"현대해상화재",4764
30,"여","질병입원비",1,"DB손해보험",4626
30,"여","질병중환자실입원비",2,"하나손해",62
30,"여","질병중환자실입원비",2,"메리츠화재",34
30,"여","질병중환자실입원비",2,"롯데손해보험",54
30,"여","질병중환자실입원비",2,"농협손해",72
30,"여","질병중환자실입원비",2,"한화손해보험",78
30,"여","질병중환자실입원비",2,"삼성화재",170
30,"여","질병중환자실입원비",2,"흥국화재",78
30,"여","질병중환자실입원비",2,"KB손해보험",46
30,"여","질병중환자실입원비",2,"현대해상화재",94
30,"여","질병중환자실입원비",2,"DB손해보험",50
30,"여","상해입원비",1,"하나손해",1336
30,"여","상해입원비",1,"메리츠화재",1268
30,"여","상해입원비",1,"롯데손해보험",1325
30,"여","상해입원비",1,"농협손해",2077
30,"여","상해입원비",1,"한화손해보험",2116
30,"여","상해입원비",1,"삼성화재",1280
30,"여","상해입원비",1,"흥국화재",2794
30,"여","상해입원비",1,"KB손해보험",1605
30,"여","상해입원비",1,"현대해상화재",1653
30,"여","상해입원비",1,"DB손해보험",1259
30,"여","상해중환자실입원비",2,"하나손해",210
30,"여","상해중환자실입원비",2,"메리츠화재",242
30,"여","상해중환자실입원비",2,"롯데손해보험",264
30,"여","상해중환자실입원비",2,"농협손해",462
30,"여","상해중환자실입원비",2,"한화손해보험",302
30,"여","상해중환자실입원비",2,"삼성화재",290
30,"여","상해중환자실입원비",2,"흥국화재",466
30,"여","상해중환자실입원비",2,"KB손해보험",250
30,"여","상해중환자실입원비",2,"현대해상화재",134
30,"여","상해중환자실입원비",2,"DB손해보험",242
30,"여","골절진단비(치아파절제외)",10,"하나손해",454
30,"여","골절진단비(치아파절제외)",10,"메리츠화재",623
30,"여","골절진단비(치아파절제외)",10,"롯데손해보험",541
30,"여","골절진단비(치아파절제외)",10,"농협손해",671
30,"여","골절진단비(치아파절제외)",10,"한화손해보험",619
30,"여","골절진단비(치아파절제외)",10,"삼성화재",702
30,"여","골절진단비(치아파절제외)",10,"흥국화재",960
30,"여","골절진단비(치아파절제외)",10,"KB손해보험",505
30,"여","골절진단비(치아파절제외)",10,"현대해상화재",666
30,"여","골절진단비(치아파절제외)",10,"DB손해보험",658
30,"여","화상진단비",10,"하나손해",102
30,"여","화상진단비",10,"메리츠화재",121
30,"여","화상진단비",10,"롯데손해보험",106
30,"여","화상진단비",10,"농협손해",108
30,"여","화상진단비",10,"한화손해보험",116
30,"여","화상진단비",10,"삼성화재",166
30,"여","화상진단비",10,"흥국화재",161
30,"여","화상진단비",10,"KB손해보험",98
30,"여","화상진단비",10,"현대해상화재",148
30,"여","화상진단비",10,"DB손해보험",125
40,"남","상해후유장해(3~100%)",1000,"하나손해",510
40,"남","상해후유장해(3~100%)",1000,"농협손해",440
40,"남","상해후유장해(3~100%)",1000,"한화손해보험",400
40,"남","상해후유장해(3~100%)",1000,"흥국화재",530
40,"남","상해후유장해(3~100%)",1000,"삼성화재",480
40,"남","상해후유장해(3~100%)",1000,"KB손해보험",440
40,"남","상해후유장해(3~100%)",1000,"현대해상화재",416
40,"남","상해고도후유(80%이상)",1000,"하나손해",70
40,"남","상해고도후유(80%이상)",1000,"농협손해",81
40,"남","상해고도후유(80%이상)",1000,"한화손해보험",60
40,"남","상해고도후유(80%이상)",1000,"흥국화재",90
40,"남","상해고도후유(80%이상)",1000,"삼성화재",80
40,"남","상해고도후유(80%이상)",1000,"KB손해보험",70
40,"남","상해고도후유(80%이상)",1000,"현대해상화재",55
40,"남","상해사망",1000,"하나손해",560
40,"남","상해사망",1000,"농협손해",680
40,"남","상해사망",1000,"한화손해보험",390
40,"남","상해사망",1000,"흥국화재",450
40,"남","상해사망",1000,"삼성화재",510
40,"남","상해사망",1000,"KB손해보험",570
40,"남","상해사망",1000,"현대해상화재",364
40,"남","질병후유장해(3~100%)",1000,"하나손해",6680
40,"남","질병후유장해(3~100%)",1000,"농협손해",9697
40,"남","질병후유장해(3~100%)",1000,"한화손해보험",10440
40,"남","질병후유장해(3~100%)",1000,"흥국화재",8620
40,"남","질병후유장해(3~100%)",1000,"삼성화재",8620
40,"남","질병후유장해(3~100%)",1000,"KB손해보험",8660
40,"남","질병후유장해(3~100%)",1000,"현대해상화재",10415
40,"남","질병고도후유(80%이상)",1000,"하나손해",596
40,"남","질병고도후유(80%이상)",1000,"농협손해",804
40,"남","질병고도후유(80%이상)",1000,"한화손해보험",645
40,"남","질병고도후유(80%이상)",1000,"흥국화재",700
40,"남","질병고도후유(80%이상)",1000,"삼성화재",630
40,"남","질병고도후유(80%이상)",1000,"KB손해보험",680
40,"남","질병고도후유(80%이상)",1000,"현대해상화재",905
40,"남","질병사망",1000,"하나손해",5570
40,"남","질병사망",1000,"농협손해",7640
40,"남","질병사망",1000,"한화손해보험",7510
40,"남","질병사망",1000,"흥국화재",7100
40,"남","질병사망",1000,"삼성화재",6440
40,"남","질병사망",1000,"KB손해보험",8040
40,"남","질병사망",1000,"현대해상화재",7834
40,"남","가족일상생활중배상책임",10000,"한화손해보험",1818
40,"남","가족일상생활중배상책임",10000,"흥국화재",836
40,"남","가족일상생활중배상책임",10000,"삼성화재",4400
40,"남","가족일상생활중배상책임",10000,"KB손해보험",3288
40,"남","가족일상생활중배상책임",10000,"현대해상화재",2718
40,"남","암진단비(유사암제외)",3000,"하나손해",30150
40,"남","암진단비(유사암제외)",3000,"농협손해",30150
40,"남","암진단비(유사암제외)",3000,"한화손해보험",31110
40,"남","암진단비(유사암제외)",3000,"흥국화재",34230
40,"남","암진단비(유사암제외)",3000,"삼성화재",37170
40,"남","암진단비(유사암제외)",3000,"KB손해보험",33810
40,"남","암진단비(유사암제외)",3000,"현대해상화재",37122
40,"남","특정암진단비",500,"하나손해",2970
40,"남","특정암진단비",500,"흥국화재",2505
40,"남","특정암진단비",500,"삼성화재",3065
40,"남","특정암진단비",500,"KB손해보험",3115
40,"남","특정암진단비",500,"현대해상화재",2893
40,"남","고액암진단비",1000,"하나손해",1430
40,"남","고액암진단비",1000,"농협손해",1220
40,"남","고액암진단비",1000,"흥국화재",1400
40,"남","고액암진단비",1000,"KB손해보험",1050
40,"남","고액암진단비",1000,"현대해상화재",1937
40,"남","유사암진단비",1000,"하나손해",1100
40,"남","유사암진단비",1000,"농협손해",900
40,"남","유사암진단비",1000,"한화손해보험",1590
40,"남","유사암진단비",1000,"흥국화재",1300
40,"남","유사암진단비",1000,"삼성화재",1800
40,"남","유사암진단비",1000,"KB손해보험",1190
40,"남","유사암진단비",1000,"현대해상화재",1960
40,"남","암수술비(1회,유사암제외)",500,"한화손해보험",3450
40,"남","암수술비(1회,유사암제외)",500,"흥국화재",5650
40,"남","암수술비(1회,유사암제외)",500,"삼성화재",5900
40,"남","암수술비(1회,유사암제외)",500,"KB손해보험",4770
40,"남","암수술비(매회,유사암포함)",300,"하나손해",3069
40,"남","암수술비(매회,유사암포함)",300,"농협손해",3807
40,"남","암수술비(매회,유사암포함)",300,"한화손해보험",3594
40,"남","암수술비(매회,유사암포함)",300,"흥국화재",5220
40,"남","암수술비(매회,유사암포함)",300,"삼성화재",5494
40,"남","암수술비(매회,유사암포함)",300,"KB손해보험",4050
40,"남","암수술비(매회,유사암포함)",300,"현대해상화재",4641
40,"남","암직접치료입원일당(1-180,요양병원제외)",2,"하나손해",1006
40,"남","암직접치료입원일당(1-180,요양병원제외)",2,"농협손해",1484
40,"남","암직접치료입원일당(1-180,요양병원제외)",2,"한화손해보험",1674
40,"남","암직접치료입원일당(1-180,요양병원제외)",2,"흥국화재",1350
40,"남","암직접치료입원일당(1-180,요양병원제외)",2,"삼성화재",1768
40,"남","암직접치료입원일당(1-180,요양병원제외)",2,"KB손해보험",1408
40,"남","암직접치료입원일당(1-180,요양병원제외)",2,"현대해상화재",1590
40,"남","암요양병원입원비(1~90)",1,"하나손해",195
40,"남","암요양병원입원비(1~90)",1,"농협손해",227
40,"남","암요양병원입원비(1~90)",1,"한화손해보험",247
40,"남","암요양병원입원비(1~90)",1,"흥국화재",180
40,"남","암요양병원입원비(1~90)",1,"삼성화재",264
40,"남","암요양병원입원비(1~90)",1,"KB손해보험",197
40,"남","암요양병원입원비(1~90)",1,"현대해상화재",219
40,"남","항암방사선약물치료비(최초1회한)",300,"하나손해",1200
40,"남","항암방사선약물치료비(최초1회한)",300,"농협손해",1530
40,"남","항암방사선약물치료비(최초1회한)",300,"한화손해보험",2149
40,"남","항암방사선약물치료비(최초1회한)",300,"흥국화재",1107
40,"남","항암방사선약물치료비(최초1회한)",300,"삼성화재",3009
40,"남","항암방사선약물치료비(최초1회한)",300,"KB손해보험",2649
40,"남","항암방사선약물치료비(최초1회한)",300,"현대해상화재",2874
40,"남","표적항암약물허가치료비(최초1회한)",1000,"하나손해",542
40,"남","표적항암약물허가치료비(최초1회한)",1000,"농협손해",327
40,"남","표적항암약물허가치료비(최초1회한)",1000,"한화손해보험",270
40,"남","표적항암약물허가치료비(최초1회한)",1000,"흥국화재",150
40,"남","표적항암약물허가치료비(최초1회한)",1000,"삼성화재",610
40,"남","표적항암약물허가치료비(최초1회한)",1000,"KB손해보험",253
40,"남","표적항암약물허가치료비(최초1회한)",1000,"현대해상화재",517
40,"남","뇌혈관질환진단비",1000,"하나손해",7320
40,"남","뇌혈관질환진단비",1000,"농협손해",8150
40,"남","뇌혈관질환진단비",1000,"한화손해보험",7080
40,"남","뇌혈관질환진단비",1000,"흥국화재",8570
40,"남","뇌혈관질환진단비",1000,"삼성화재",7960
40,"남","뇌혈관질환진단비",1000,"KB손해보험",10140
40,"남","뇌혈관질환진단비",1000,"현대해상화재",9329
40,"남","뇌졸중진단비",1000,"하나손해",4270
40,"남","뇌졸중진단비",1000,"농협손해",7820
40,"남","뇌졸중진단비",1000,"한화손해보험",5480
40,"남","뇌졸중진단비",1000,"흥국화재",7860
40,"남","뇌졸중진단비",1000,"삼성화재",5860
40,"남","뇌졸중진단비",1000,"KB손해보험",8000
40,"남","뇌졸중진단비",1000,"현대해상화재",5640
40,"남","뇌출혈진단비",1000,"하나손해",920
40,"남","뇌출혈진단비",1000,"농협손해",1700
40,"남","뇌출혈진단비",1000,"흥국화재",1630
40,"남","뇌출혈진단비",1000,"삼성화재",1350
40,"남","뇌출혈진단비",1000,"KB손해보험",1700
40,"남","뇌출혈진단비",1000,"현대해상화재",1290
40,"남","뇌혈관질환수술비(매회)",500,"하나손해",820
40,"남","뇌혈관질환수술비(매회)",500,"농협손해",1125
40,"남","뇌혈관질환수술비(매회)",500,"한화손해보험",1200
40,"남","뇌혈관질환수술비(매회)",500,"흥국화재",850
40,"남","뇌혈관질환수술비(매회)",500,"KB손해보험",865
40,"남","뇌혈관질환수술비(매회)",500,"현대해상화재",1850
40,"남","심장질환진단비",100,"농협손해",2022
40,"남","심장질환진단비",100,"한화손해보험",2076
40,"남","심장질환진단비",100,"흥국화재",1448
40,"남","심장질환진단비",100,"삼성화재",2155
40,"남","심장질환진단비",100,"KB손해보험",2045
40,"남","심장질환진단비",100,"현대해상화재",2247
40,"남","허혈성심장질환진단비",1000,"하나손해",3300
40,"남","허혈성심장질환진단비",1000,"농협손해",4350
40,"남","허혈성심장질환진단비",1000,"한화손해보험",4800
40,"남","허혈성심장질환진단비",1000,"흥국화재",5320
40,"남","허혈성심장질환진단비",1000,"삼성화재",4560
40,"남","허혈성심장질환진단비",1000,"KB손해보험",6120
40,"남","허혈성심장질환진단비",1000,"현대해상화재",7210
40,"남","급성심근경색증진단비",1000,"하나손해",1250
40,"남","급성심근경색증진단비",1000,"농협손해",3217
40,"남","급성심근경색증진단비",1000,"한화손해보험",2340
40,"남","급성심근경색증진단비",1000,"흥국화재",2520
40,"남","급성심근경색증진단비",1000,"삼성화재",2050
40,"남","급성심근경색증진단비",1000,"KB손해보험",2320
40,"남","급성심근경색증진단비",1000,"현대해상화재",2187
40,"남","허혈성심장질환수술비(매회)",500,"하나손해",910
40,"남","허혈성심장질환수술비(매회)",500,"농협손해",1365
40,"남","허혈성심장질환수술비(매회)",500,"한화손해보험",1500
40,"남","허혈성심장질환수술비(매회)",500,"흥국화재",2100
40,"남","허혈성심장질환수술비(매회)",500,"KB손해보험",1530
40,"남","허혈성심장질환수술비(매회)",500,"현대해상화재",1450
40,"남","상해수술비",10,"하나손해",491
40,"남","상해수술비",10,"농협손해",215
40,"남","상해수술비",10,"한화손해보험",361
40,"남","상해수술비",10,"흥국화재",277
40,"남","상해수술비",10,"삼성화재",477
40,"남","상해수술비",10,"KB손해보험",289
40,"남","상해수술비",10,"현대해상화재",442
40,"남","질병수술비",10,"하나손해",1334
40,"남","질병수술비",10,"농협손해",1119
40,"남","질병수술비",10,"한화손해보험",1898
40,"남","질병수술비",10,"흥국화재",1596
40,"남","질병수술비",10,"삼성화재",1564
40,"남","질병수술비",10,"KB손해보험",1264
40,"남","질병수술비",10,"현대해상화재",2159
40,"남","N대질병수술비",100,"하나손해",11430
40,"남","N대질병수술비",100,"농협손해",11297
40,"남","N대질병수술비",100,"한화손해보험",10170
40,"남","N대질병수술비",100,"흥국화재",7980
40,"남","N대질병수술비",100,"삼성화재",11449
40,"남","N대질병수술비",100,"KB손해보험",9980
40,"남","N대질병수술비",100,"현대해상화재",9305
40,"남","혈전용해치료비",200,"하나손해",114
40,"남","혈전용해치료비",200,"농협손해",204
40,"남","혈전용해치료비",200,"한화손해보험",194
40,"남","혈전용해치료비",200,"흥국화재",180
40,"남","혈전용해치료비",200,"삼성화재",142
40,"남","혈전용해치료비",200,"KB손해보험",316
40,"남","혈전용해치료비",200,"현대해상화재",154
40,"남","상해(1~5종)수술비 (5종기준)",300,"농협손해",581
40,"남","상해(1~5종)수술비 (5종기준)",300,"한화손해보험",823
40,"남","상해(1~5종)수술비 (5종기준)",300,"흥국화재",638
40,"남","상해(1~5종)수술비 (5종기준)",300,"삼성화재",1136
40,"남","상해(1~5종)수술비 (5종기준)",300,"KB손해보험",812
40,"남","상해(1~5종)수술비 (5종기준)",300,"현대해상화재",1204
40,"남","질병(1~5종)수술비 (5종기준)",300,"농협손해",6506
40,"남","질병(1~5종)수술비 (5종기준)",300,"한화손해보험",7401
40,"남","질병(1~5종)수술비 (5종기준)",300,"흥국화재",6601
40,"남","질병(1~5종)수술비 (5종기준)",300,"삼성화재",7461
40,"남","질병(1~5종)수술비 (5종기준)",300,"KB손해보험",6380
40,"남","질병(1~5종)수술비 (5종기준)",300,"현대해상화재",8376
40,"남","질병입원비",1,"하나손해",3381
40,"남","질병입원비",1,"농협손해",4967
40,"남","질병입원비",1,"한화손해보험",5070
40,"남","질병입원비",1,"흥국화재",3654
40,"남","질병입원비",1,"삼성화재",3108
40,"남","질병입원비",1,"KB손해보험",3938
40,"남","질병입원비",1,"현대해상화재",4020
40,"남","질병중환자실입원비",2,"하나손해",50
40,"남","질병중환자실입원비",2,"농협손해",62
40,"남","질병중환자실입원비",2,"한화손해보험",50
40,"남","질병중환자실입원비",2,"흥국화재",44
40,"남","질병중환자실입원비",2,"삼성화재",90
40,"남","질병중환자실입원비",2,"KB손해보험",30
40,"남","질병중환자실입원비",2,"현대해상화재",76
40,"남","상해입원비",1,"하나손해",1169
40,"남","상해입원비",1,"농협손해",1084
40,"남","상해입원비",1,"한화손해보험",1248
40,"남","상해입원비",1,"흥국화재",1742
40,"남","상해입원비",1,"삼성화재",902
40,"남","상해입원비",1,"KB손해보험",969
40,"남","상해입원비",1,"현대해상화재",1048
40,"남","상해중환자실입원비",2,"하나손해",194
40,"남","상해중환자실입원비",2,"농협손해",242
40,"남","상해중환자실입원비",2,"한화손해보험",168
40,"남","상해중환자실입원비",2,"흥국화재",226
40,"남","상해중환자실입원비",2,"삼성화재",208
40,"남","상해중환자실입원비",2,"KB손해보험",156
40,"남","상해중환자실입원비",2,"현대해상화재",88
40,"남","골절진단비(치아파절제외)",10,"하나손해",346
40,"남","골절진단비(치아파절제외)",10,"농협손해",401
40,"남","골절진단비(치아파절제외)",10,"한화손해보험",501
40,"남","골절진단비(치아파절제외)",10,"흥국화재",434
40,"남","골절진단비(치아파절제외)",10,"삼성화재",537
40,"남","골절진단비(치아파절제외)",10,"KB손해보험",394
40,"남","골절진단비(치아파절제외)",10,"현대해상화재",478
40,"남","화상진단비",10,"하나손해",58
40,"남","화상진단비",10,"농협손해",38
40,"남","화상진단비",10,"한화손해보험",52
40,"남","화상진단비",10,"흥국화재",32
40,"남","화상진단비",10,"삼성화재",68
40,"남","화상진단비",10,"KB손해보험",47
40,"남","화상진단비",10,"현대해상화재",58
40,"여","상해후유장해(3~100%)",1000,"하나손해",350
40,"여","상해후유장해(3~100%)",1000,"메리츠화재",490
40,"여","상해후유장해(3~100%)",1000,"농협손해",357
40,"여","상해후유장해(3~100%)",1000,"롯데손해보험",450
40,"여","상해후유장해(3~100%)",1000,"한화손해보험",480
40,"여","상해후유장해(3~100%)",1000,"흥국화재",590
40,"여","상해후유장해(3~100%)",1000,"KB손해보험",480
40,"여","상해후유장해(3~100%)",1000,"현대해상화재",411
40,"여","상해후유장해(3~100%)",1000,"DB손해보험",530
40,"여","상해고도후유(80%이상)",1000,"하나손해",30
40,"여","상해고도후유(80%이상)",1000,"메리츠화재",50
40,"여","상해고도후유(80%이상)",1000,"농협손해",37
40,"여","상해고도후유(80%이상)",1000,"롯데손해보험",49
40,"여","상해고도후유(80%이상)",1000,"한화손해보험",50
40,"여","상해고도후유(80%이상)",1000,"흥국화재",60
40,"여","상해고도후유(80%이상)",1000,"KB손해보험",40
40,"여","상해고도후유(80%이상)",1000,"현대해상화재",33
40,"여","상해고도후유(80%이상)",1000,"DB손해보험",45
40,"여","상해사망",1000,"하나손해",230
40,"여","상해사망",1000,"메리츠화재",220
40,"여","상해사망",1000,"농협손해",390
40,"여","상해사망",1000,"롯데손해보험",200
40,"여","상해사망",1000,"한화손해보험",210
40,"여","상해사망",1000,"흥국화재",240
40,"여","상해사망",1000,"KB손해보험",300
40,"여","상해사망",1000,"현대해상화재",213
40,"여","상해사망",1000,"DB손해보험",360
40,"여","질병후유장해(3~100%)",1000,"하나손해",5900
40,"여","질병후유장해(3~100%)",1000,"메리츠화재",6840
40,"여","질병후유장해(3~100%)",1000,"농협손해",7980
40,"여","질병후유장해(3~100%)",1000,"롯데손해보험",6120
40,"여","질병후유장해(3~100%)",1000,"한화손해보험",5620
40,"여","질병후유장해(3~100%)",1000,"흥국화재",5200
40,"여","질병후유장해(3~100%)",1000,"KB손해보험",5280
40,"여","질병후유장해(3~100%)",1000,"현대해상화재",9625
40,"여","질병후유장해(3~100%)",1000,"DB손해보험",8240
40,"여","질병고도후유(80%이상)",1000,"하나손해",340
40,"여","질병고도후유(80%이상)",1000,"메리츠화재",552
40,"여","질병고도후유(80%이상)",1000,"농협손해",611
40,"여","질병고도후유(80%이상)",1000,"롯데손해보험",340
40,"여","질병고도후유(80%이상)",1000,"한화손해보험",430
40,"여","질병고도후유(80%이상)",1000,"흥국화재",400
40,"여","질병고도후유(80%이상)",1000,"KB손해보험",400
40,"여","질병고도후유(80%이상)",1000,"현대해상화재",584
40,"여","질병고도후유(80%이상)",1000,"DB손해보험",440
40,"여","질병사망",1000,"하나손해",3960
40,"여","질병사망",1000,"메리츠화재",4530
40,"여","질병사망",1000,"농협손해",5330
40,"여","질병사망",1000,"롯데손해보험",3610
40,"여","질병사망",1000,"한화손해보험",5580
40,"여","질병사망",1000,"흥국화재",4350
40,"여","질병사망",1000,"KB손해보험",4980
40,"여","질병사망",1000,"현대해상화재",4404
40,"여","질병사망",1000,"DB손해보험",5410
40,"여","가족일상생활중배상책임",10000,"메리츠화재",1870
40,"여","가족일상생활중배상책임",10000,"롯데손해보험",2145
40,"여","가족일상생활중배상책임",10000,"한화손해보험",1818
40,"여","가족일상생활중배상책임",10000,"흥국화재",879
40,"여","가족일상생활중배상책임",10000,"KB손해보험",3099
40,"여","가족일상생활중배상책임",10000,"현대해상화재",2718
40,"여","가족일상생활중배상책임",10000,"DB손해보험",2644
40,"여","암진단비(유사암제외)",3000,"하나손해",29820
40,"여","암진단비(유사암제외)",3000,"메리츠화재",23670
40,"여","암진단비(유사암제외)",3000,"농협손해",22830
40,"여","암진단비(유사암제외)",3000,"롯데손해보험",28770
40,"여","암진단비(유사암제외)",3000,"한화손해보험",26580
40,"여","암진단비(유사암제외)",3000,"흥국화재",27750
40,"여","암진단비(유사암제외)",3000,"KB손해보험",28710
40,"여","암진단비(유사암제외)",3000,"현대해상화재",28047
40,"여","암진단비(유사암제외)",3000,"DB손해보험",32670
40,"여","특정암진단비",500,"하나손해",1860
40,"여","특정암진단비",500,"흥국화재",1300
40,"여","특정암진단비",500,"KB손해보험",1530
40,"여","특정암진단비",500,"현대해상화재",1310
40,"여","특정암진단비",500,"DB손해보험",1635
40,"여","고액암진단비",1000,"하나손해",1150
40,"여","고액암진단비",1000,"메리츠화재",1360
40,"여","고액암진단비",1000,"농협손해",1120
40,"여","고액암진단비",1000,"롯데손해보험",1050
40,"여","고액암진단비",1000,"흥국화재",1060
40,"여","고액암진단비",1000,"KB손해보험",920
40,"여","고액암진단비",1000,"현대해상화재",1160
40,"여","고액암진단비",1000,"DB손해보험",1360
40,"여","유사암진단비",1000,"하나손해",4800
40,"여","유사암진단비",1000,"메리츠화재",5210
40,"여","유사암진단비",1000,"농협손해",3460
40,"여","유사암진단비",1000,"롯데손해보험",4750
40,"여","유사암진단비",1000,"한화손해보험",5890
40,"여","유사암진단비",1000,"흥국화재",5100
40,"여","유사암진단비",1000,"KB손해보험",4230
40,"여","유사암진단비",1000,"현대해상화재",6420
40,"여","유사암진단비",1000,"DB손해보험",6100
40,"여","암수술비(1회,유사암제외)",500,"롯데손해보험",4750
40,"여","암수술비(1회,유사암제외)",500,"한화손해보험",3200
40,"여","암수술비(1회,유사암제외)",500,"흥국화재",5150
40,"여","암수술비(1회,유사암제외)",500,"KB손해보험",4525
40,"여","암수술비(1회,유사암제외)",500,"DB손해보험",4680
40,"여","암수술비(매회,유사암포함)",300,"하나손해",3573
40,"여","암수술비(매회,유사암포함)",300,"메리츠화재",3888
40,"여","암수술비(매회,유사암포함)",300,"농협손해",4125
40,"여","암수술비(매회,유사암포함)",300,"롯데손해보험",3672
40,"여","암수술비(매회,유사암포함)",300,"한화손해보험",3240
40,"여","암수술비(매회,유사암포함)",300,"흥국화재",4164
40,"여","암수술비(매회,유사암포함)",300,"KB손해보험",3477
40,"여","암수술비(매회,유사암포함)",300,"현대해상화재",4719
40,"여","암수술비(매회,유사암포함)",300,"DB손해보험",3780
40,"여","암직접치료입원일당(1-180,요양병원제외)",2,"하나손해",1092
40,"여","암직접치료입원일당(1-180,요양병원제외)",2,"메리츠화재",1334
40,"여","암직접치료입원일당(1-180,요양병원제외)",2,"농협손해",1052
40,"여","암직접치료입원일당(1-180,요양병원제외)",2,"롯데손해보험",988
40,"여","암직접치료입원일당(1-180,요양병원제외)",2,"한화손해보험",1478
40,"여","암직접치료입원일당(1-180,요양병원제외)",2,"흥국화재",1144
40,"여","암직접치료입원일당(1-180,요양병원제외)",2,"KB손해보험",1014
40,"여","암직접치료입원일당(1-180,요양병원제외)",2,"현대해상화재",1398
40,"여","암직접치료입원일당(1-180,요양병원제외)",2,"DB손해보험",1418
40,"여","암요양병원입원비(1~90)",1,"하나손해",282
40,"여","암요양병원입원비(1~90)",1,"메리츠화재",354
40,"여","암요양병원입원비(1~90)",1,"농협손해",282
40,"여","암요양병원입원비(1~90)",1,"롯데손해보험",234
40,"여","암요양병원입원비(1~90)",1,"한화손해보험",394
40,"여","암요양병원입원비(1~90)",1,"흥국화재",315
40,"여","암요양병원입원비(1~90)",1,"KB손해보험",280
40,"여","암요양병원입원비(1~90)",1,"현대해상화재",393
40,"여","암요양병원입원비(1~90)",1,"DB손해보험",397
40,"여","항암방사선약물치료비(최초1회한)",300,"하나손해",1662
40,"여","항암방사선약물치료비(최초1회한)",300,"메리츠화재",2094
40,"여","항암방사선약물치료비(최초1회한)",300,"농협손해",1662
40,"여","항암방사선약물치료비(최초1회한)",300,"롯데손해보험",1824
40,"여","항암방사선약물치료비(최초1회한)",300,"한화손해보험",2410
40,"여","항암방사선약물치료비(최초1회한)",300,"흥국화재",1509
40,"여","항암방사선약물치료비(최초1회한)",300,"KB손해보험",2277
40,"여","항암방사선약물치료비(최초1회한)",300,"현대해상화재",2907
40,"여","항암방사선약물치료비(최초1회한)",300,"DB손해보험",2016
40,"여","표적항암약물허가치료비(최초1회한)",1000,"하나손해",1204
40,"여","표적항암약물허가치료비(최초1회한)",1000,"메리츠화재",1400
40,"여","표적항암약물허가치료비(최초1회한)",1000,"농협손해",708
40,"여","표적항암약물허가치료비(최초1회한)",1000,"롯데손해보험",1347
40,"여","표적항암약물허가치료비(최초1회한)",1000,"한화손해보험",910
40,"여","표적항암약물허가치료비(최초1회한)",1000,"흥국화재",800
40,"여","표적항암약물허가치료비(최초1회한)",1000,"KB손해보험",611
40,"여","표적항암약물허가치료비(최초1회한)",1000,"현대해상화재",1742
40,"여","표적항암약물허가치료비(최초1회한)",1000,"DB손해보험",1120
40,"여","뇌혈관질환진단비",1000,"하나손해",8910
40,"여","뇌혈관질환진단비",1000,"메리츠화재",8020
40,"여","뇌혈관질환진단비",1000,"농협손해",7070
40,"여","뇌혈관질환진단비",1000,"롯데손해보험",8200
40,"여","뇌혈관질환진단비",1000,"한화손해보험",7930
40,"여","뇌혈관질환진단비",1000,"흥국화재",8040
40,"여","뇌혈관질환진단비",1000,"KB손해보험",8740
40,"여","뇌혈관질환진단비",1000,"현대해상화재",9200
40,"여","뇌혈관질환진단비",1000,"DB손해보험",10730
40,"여","뇌졸중진단비",1000,"하나손해",3920
40,"여","뇌졸중진단비",1000,"메리츠화재",3590
40,"여","뇌졸중진단비",1000,"농협손해",4270
40,"여","뇌졸중진단비",1000,"롯데손해보험",4370
40,"여","뇌졸중진단비",1000,"한화손해보험",4030
40,"여","뇌졸중진단비",1000,"흥국화재",4810
40,"여","뇌졸중진단비",1000,"KB손해보험",4450
40,"여","뇌졸중진단비",1000,"현대해상화재",3760
40,"여","뇌졸중진단비",1000,"DB손해보험",5170
40,"여","뇌출혈진단비",1000,"하나손해",1210
40,"여","뇌출혈진단비",1000,"메리츠화재",1820
40,"여","뇌출혈진단비",1000,"농협손해",1740
40,"여","뇌출혈진단비",1000,"롯데손해보험",1640
40,"여","뇌출혈진단비",1000,"흥국화재",1730
40,"여","뇌출혈진단비",1000,"KB손해보험",1550
40,"여","뇌출혈진단비",1000,"현대해상화재",1170
40,"여","뇌출혈진단비",1000,"DB손해보험",1590
40,"여","뇌혈관질환수술비(매회)",500,"하나손해",1385
40,"여","뇌혈관질환수술비(매회)",500,"메리츠화재",1475
40,"여","뇌혈관질환수술비(매회)",500,"농협손해",1410
40,"여","뇌혈관질환수술비(매회)",500,"롯데손해보험",850
40,"여","뇌혈관질환수술비(매회)",500,"한화손해보험",1950
40,"여","뇌혈관질환수술비(매회)",500,"흥국화재",1000
40,"여","뇌혈관질환수술비(매회)",500,"KB손해보험",1175
40,"여","뇌혈관질환수술비(매회)",500,"현대해상화재",1800
40,"여","뇌혈관질환수술비(매회)",500,"DB손해보험",1350
40,"여","심장질환진단비",100,"농협손해",1106
40,"여","심장질환진단비",100,"한화손해보험",1229
40,"여","심장질환진단비",100,"흥국화재",851
40,"여","심장질환진단비",100,"KB손해보험",1524
40,"여","심장질환진단비",100,"현대해상화재",1735
40,"여","심장질환진단비",100,"DB손해보험",256
40,"여","허혈성심장질환진단비",1000,"하나손해",2660
40,"여","허혈성심장질환진단비",1000,"메리츠화재",2220
40,"여","허혈성심장질환진단비",1000,"농협손해",2280
40,"여","허혈성심장질환진단비",1000,"롯데손해보험",2600
40,"여","허혈성심장질환진단비",1000,"한화손해보험",2590
40,"여","허혈성심장질환진단비",1000,"흥국화재",2510
40,"여","허혈성심장질환진단비",1000,"KB손해보험",2770
40,"여","허혈성심장질환진단비",1000,"현대해상화재",3455
40,"여","허혈성심장질환진단비",1000,"DB손해보험",3430
40,"여","급성심근경색증진단비",1000,"하나손해",580
40,"여","급성심근경색증진단비",1000,"메리츠화재",450
40,"여","급성심근경색증진단비",1000,"농협손해",1526
40,"여","급성심근경색증진단비",1000,"롯데손해보험",530
40,"여","급성심근경색증진단비",1000,"한화손해보험",820
40,"여","급성심근경색증진단비",1000,"흥국화재",630
40,"여","급성심근경색증진단비",1000,"KB손해보험",600
40,"여","급성심근경색증진단비",1000,"현대해상화재",770
40,"여","급성심근경색증진단비",1000,"DB손해보험",1130
40,"여","허혈성심장질환수술비(매회)",500,"하나손해",675
40,"여","허혈성심장질환수술비(매회)",500,"메리츠화재",1340
40,"여","허혈성심장질환수술비(매회)",500,"농협손해",1335
40,"여","허혈성심장질환수술비(매회)",500,"롯데손해보험",700
40,"여","허혈성심장질환수술비(매회)",500,"한화손해보험",1750
40,"여","허혈성심장질환수술비(매회)",500,"흥국화재",1900
40,"여","허혈성심장질환수술비(매회)",500,"KB손해보험",1055
40,"여","허혈성심장질환수술비(매회)",500,"현대해상화재",450
40,"여","허혈성심장질환수술비(매회)",500,"DB손해보험",650
40,"여","상해수술비",10,"하나손해",339
40,"여","상해수술비",10,"메리츠화재",400
40,"여","상해수술비",10,"농협손해",209
40,"여","상해수술비",10,"롯데손해보험",358
40,"여","상해수술비",10,"한화손해보험",414
40,"여","상해수술비",10,"흥국화재",480
40,"여","상해수술비",10,"KB손해보험",606
40,"여","상해수술비",10,"현대해상화재",425
40,"여","상해수술비",10,"DB손해보험",418
40,"여","질병수술비",10,"하나손해",2018
40,"여","질병수술비",10,"메리츠화재",2215
40,"여","질병수술비",10,"농협손해",1495
40,"여","질병수술비",10,"롯데손해보험",2207
40,"여","질병수술비",10,"한화손해보험",2550
40,"여","질병수술비",10,"흥국화재",2395
40,"여","질병수술비",10,"KB손해보험",1787
40,"여","질병수술비",10,"현대해상화재",3031
40,"여","질병수술비",10,"DB손해보험",4401
40,"여","N대질병수술비",100,"하나손해",19000
40,"여","N대질병수술비",100,"메리츠화재",15825
40,"여","N대질병수술비",100,"농협손해",17760
40,"여","N대질병수술비",100,"롯데손해보험",12885
40,"여","N대질병수술비",100,"한화손해보험",16300
40,"여","N대질병수술비",100,"흥국화재",15060
40,"여","N대질병수술비",100,"KB손해보험",15620
40,"여","N대질병수술비",100,"현대해상화재",12143
40,"여","N대질병수술비",100,"DB손해보험",18740
40,"여","혈전용해치료비",200,"하나손해",80
40,"여","혈전용해치료비",200,"메리츠화재",140
40,"여","혈전용해치료비",200,"농협손해",92
40,"여","혈전용해치료비",200,"롯데손해보험",62
40,"여","혈전용해치료비",200,"한화손해보험",134
40,"여","혈전용해치료비",200,"흥국화재",116
40,"여","혈전용해치료비",200,"KB손해보험",162
40,"여","혈전용해치료비",200,"현대해상화재",85
40,"여","혈전용해치료비",200,"DB손해보험",106
40,"여","상해(1~5종)수술비 (5종기준)",300,"메리츠화재",605
40,"여","상해(1~5종)수술비 (5종기준)",300,"농협손해",680
40,"여","상해(1~5종)수술비 (5종기준)",300,"롯데손해보험",793
40,"여","상해(1~5종)수술비 (5종기준)",300,"한화손해보험",1044
40,"여","상해(1~5종)수술비 (5종기준)",300,"흥국화재",1104
40,"여","상해(1~5종)수술비 (5종기준)",300,"KB손해보험",1699
40,"여","상해(1~5종)수술비 (5종기준)",300,"현대해상화재",1261
40,"여","상해(1~5종)수술비 (5종기준)",300,"DB손해보험",1283
40,"여","질병(1~5종)수술비 (5종기준)",300,"메리츠화재",8532
40,"여","질병(1~5종)수술비 (5종기준)",300,"농협손해",9458
40,"여","질병(1~5종)수술비 (5종기준)",300,"롯데손해보험",11522
40,"여","질병(1~5종)수술비 (5종기준)",300,"한화손해보험",11000
40,"여","질병(1~5종)수술비 (5종기준)",300,"흥국화재",10564
40,"여","질병(1~5종)수술비 (5종기준)",300,"KB손해보험",9192
40,"여","질병(1~5종)수술비 (5종기준)",300,"현대해상화재",11452
40,"여","질병(1~5종)수술비 (5종기준)",300,"DB손해보험",10551
40,"여","질병입원비",1,"하나손해",5021
40,"여","질병입원비",1,"메리츠화재",4195
40,"여","질병입원비",1,"농협손해",5820
40,"여","질병입원비",1,"롯데손해보험",6116
40,"여","질병입원비",1,"한화손해보험",7457
40,"여","질병입원비",1,"흥국화재",5452
40,"여","질병입원비",1,"KB손해보험",6060
40,"여","질병입원비",1,"현대해상화재",4849
40,"여","질병입원비",1,"DB손해보험",4622
40,"여","질병중환자실입원비",2,"하나손해",56
40,"여","질병중환자실입원비",2,"메리츠화재",30
40,"여","질병중환자실입원비",2,"농협손해",64
40,"여","질병중환자실입원비",2,"롯데손해보험",56
40,"여","질병중환자실입원비",2,"한화손해보험",70
40,"여","질병중환자실입원비",2,"흥국화재",68
40,"여","질병중환자실입원비",2,"KB손해보험",48
40,"여","질병중환자실입원비",2,"현대해상화재",92
40,"여","질병중환자실입원비",2,"DB손해보험",50
40,"여","상해입원비",1,"하나손해",1386
40,"여","상해입원비",1,"메리츠화재",1262
40,"여","상해입원비",1,"농협손해",2363
40,"여","상해입원비",1,"롯데손해보험",1327
40,"여","상해입원비",1,"한화손해보험",2238
40,"여","상해입원비",1,"흥국화재",2935
40,"여","상해입원비",1,"KB손해보험",1519
40,"여","상해입원비",1,"현대해상화재",1685
40,"여","상해입원비",1,"DB손해보험",1315
40,"여","상해중환자실입원비",2,"하나손해",188
40,"여","상해중환자실입원비",2,"메리츠화재",208
40,"여","상해중환자실입원비",2,"농협손해",408
40,"여","상해중환자실입원비",2,"롯데손해보험",234
40,"여","상해중환자실입원비",2,"한화손해보험",264
40,"여","상해중환자실입원비",2,"흥국화재",406
40,"여","상해중환자실입원비",2,"KB손해보험",218
40,"여","상해중환자실입원비",2,"현대해상화재",116
40,"여","상해중환자실입원비",2,"DB손해보험",214
40,"여","골절진단비(치아파절제외)",10,"하나손해",437
40,"여","골절진단비(치아파절제외)",10,"메리츠화재",608
40,"여","골절진단비(치아파절제외)",10,"농협손해",720
40,"여","골절진단비(치아파절제외)",10,"롯데손해보험",543
40,"여","골절진단비(치아파절제외)",10,"한화손해보험",594
40,"여","골절진단비(치아파절제외)",10,"흥국화재",1055
40,"여","골절진단비(치아파절제외)",10,"KB손해보험",522
40,"여","골절진단비(치아파절제외)",10,"현대해상화재",670
40,"여","골절진단비(치아파절제외)",10,"DB손해보험",675
40,"여","화상진단비",10,"하나손해",102
40,"여","화상진단비",10,"메리츠화재",116
40,"여","화상진단비",10,"농협손해",103
40,"여","화상진단비",10,"롯데손해보험",104
40,"여","화상진단비",10,"한화손해보험",112
40,"여","화상진단비",10,"흥국화재",169
40,"여","화상진단비",10,"KB손해보험",95
40,"여","화상진단비",10,"현대해상화재",144
40,"여","화상진단비",10,"DB손해보험",125
50,"남","상해후유장해(3~100%)",1000,"메리츠화재",550
50,"남","상해후유장해(3~100%)",1000,"하나손해",550
50,"남","상해후유장해(3~100%)",1000,"롯데손해보험",430
50,"남","상해후유장해(3~100%)",1000,"현대해상화재",544
50,"남","상해후유장해(3~100%)",1000,"KB손해보험",600
50,"남","상해후유장해(3~100%)",1000,"한화손해보험",570
50,"남","상해후유장해(3~100%)",1000,"흥국화재",760
50,"남","상해후유장해(3~100%)",1000,"삼성화재",540
50,"남","상해후유장해(3~100%)",1000,"농협손해",676
50,"남","상해후유장해(3~100%)",1000,"DB손해보험",730
50,"남","상해고도후유(80%이상)",1000,"메리츠화재",90
50,"남","상해고도후유(80%이상)",1000,"하나손해",85
50,"남","상해고도후유(80%이상)",1000,"롯데손해보험",70
50,"남","상해고도후유(80%이상)",1000,"현대해상화재",81
50,"남","상해고도후유(80%이상)",1000,"KB손해보험",90
50,"남","상해고도후유(80%이상)",1000,"한화손해보험",100
50,"남","상해고도후유(80%이상)",1000,"흥국화재",120
50,"남","상해고도후유(80%이상)",1000,"삼성화재",90
50,"남","상해고도후유(80%이상)",1000,"농협손해",112
50,"남","상해고도후유(80%이상)",1000,"DB손해보험",112
50,"남","상해사망",1000,"메리츠화재",700
50,"남","상해사망",1000,"하나손해",660
50,"남","상해사망",1000,"롯데손해보험",590
50,"남","상해사망",1000,"현대해상화재",504
50,"남","상해사망",1000,"KB손해보험",850
50,"남","상해사망",1000,"한화손해보험",690
50,"남","상해사망",1000,"흥국화재",740
50,"남","상해사망",1000,"삼성화재",660
50,"남","상해사망",1000,"농협손해",1090
50,"남","상해사망",1000,"DB손해보험",850
50,"남","질병후유장해(3~100%)",1000,"메리츠화재",17150
50,"남","질병후유장해(3~100%)",1000,"하나손해",16110
50,"남","질병후유장해(3~100%)",1000,"롯데손해보험",14730
50,"남","질병후유장해(3~100%)",1000,"현대해상화재",19764
50,"남","질병후유장해(3~100%)",1000,"KB손해보험",16560
50,"남","질병후유장해(3~100%)",1000,"한화손해보험",20120
50,"남","질병후유장해(3~100%)",1000,"흥국화재",18530
50,"남","질병후유장해(3~100%)",1000,"삼성화재",14700
50,"남","질병후유장해(3~100%)",1000,"농협손해",21440
50,"남","질병후유장해(3~100%)",1000,"DB손해보험",21170
50,"남","질병고도후유(80%이상)",1000,"메리츠화재",1300
50,"남","질병고도후유(80%이상)",1000,"하나손해",1390
50,"남","질병고도후유(80%이상)",1000,"롯데손해보험",1280
50,"남","질병고도후유(80%이상)",1000,"현대해상화재",1634
50,"남","질병고도후유(80%이상)",1000,"KB손해보험",1180
50,"남","질병고도후유(80%이상)",1000,"한화손해보험",1445
50,"남","질병고도후유(80%이상)",1000,"흥국화재",1340
50,"남","질병고도후유(80%이상)",1000,"삼성화재",1060
50,"남","질병고도후유(80%이상)",1000,"농협손해",1575
50,"남","질병고도후유(80%이상)",1000,"DB손해보험",1060
50,"남","질병사망",1000,"메리츠화재",12860
50,"남","질병사망",1000,"하나손해",11980
50,"남","질병사망",1000,"롯데손해보험",10950
50,"남","질병사망",1000,"현대해상화재",14282
50,"남","질병사망",1000,"KB손해보험",14020
50,"남","질병사망",1000,"한화손해보험",16210
50,"남","질병사망",1000,"흥국화재",13150
50,"남","질병사망",1000,"삼성화재",11320
50,"남","질병사망",1000,"농협손해",14740
50,"남","질병사망",1000,"DB손해보험",14920
50,"남","가족일상생활중배상책임",10000,"메리츠화재",1870
50,"남","가족일상생활중배상책임",10000,"롯데손해보험",2145
50,"남","가족일상생활중배상책임",10000,"현대해상화재",2718
50,"남","가족일상생활중배상책임",10000,"KB손해보험",3099
50,"남","가족일상생활중배상책임",10000,"한화손해보험",1818
50,"남","가족일상생활중배상책임",10000,"흥국화재",879
50,"남","가족일상생활중배상책임",10000,"삼성화재",3380
50,"남","가족일상생활중배상책임",10000,"DB손해보험",2644
50,"남","암진단비(유사암제외)",3000,"메리츠화재",50010
50,"남","암진단비(유사암제외)",3000,"하나손해",62910
50,"남","암진단비(유사암제외)",3000,"롯데손해보험",53940
50,"남","암진단비(유사암제외)",3000,"현대해상화재",57084
50,"남","암진단비(유사암제외)",3000,"KB손해보험",60600
50,"남","암진단비(유사암제외)",3000,"한화손해보험",57810
50,"남","암진단비(유사암제외)",3000,"흥국화재",58380
50,"남","암진단비(유사암제외)",3000,"삼성화재",68280
50,"남","암진단비(유사암제외)",3000,"농협손해",63120
50,"남","암진단비(유사암제외)",3000,"DB손해보험",65640
50,"남","특정암진단비",500,"하나손해",6275
50,"남","특정암진단비",500,"현대해상화재",4650
50,"남","특정암진단비",500,"KB손해보험",5290
50,"남","특정암진단비",500,"흥국화재",4690
50,"남","특정암진단비",500,"삼성화재",5815
50,"남","특정암진단비",500,"DB손해보험",5390
50,"남","고액암진단비",1000,"메리츠화재",3180
50,"남","고액암진단비",1000,"하나손해",3030
50,"남","고액암진단비",1000,"롯데손해보험",2400
50,"남","고액암진단비",1000,"현대해상화재",2970
50,"남","고액암진단비",1000,"KB손해보험",1660
50,"남","고액암진단비",1000,"흥국화재",2550
50,"남","고액암진단비",1000,"농협손해",3010
50,"남","고액암진단비",1000,"DB손해보험",3420
50,"남","유사암진단비",1000,"메리츠화재",1630
50,"남","유사암진단비",1000,"하나손해",2200
50,"남","유사암진단비",1000,"롯데손해보험",1800
50,"남","유사암진단비",1000,"현대해상화재",2820
50,"남","유사암진단비",1000,"KB손해보험",1790
50,"남","유사암진단비",1000,"한화손해보험",2670
50,"남","유사암진단비",1000,"흥국화재",2200
50,"남","유사암진단비",1000,"삼성화재",2900
50,"남","유사암진단비",1000,"농협손해",1780
50,"남","유사암진단비",1000,"DB손해보험",2600
50,"남","암수술비(1회,유사암제외)",500,"롯데손해보험",8100
50,"남","암수술비(1회,유사암제외)",500,"KB손해보험",8145
50,"남","암수술비(1회,유사암제외)",500,"한화손해보험",6500
50,"남","암수술비(1회,유사암제외)",500,"흥국화재",10250
50,"남","암수술비(1회,유사암제외)",500,"삼성화재",9450
50,"남","암수술비(1회,유사암제외)",500,"DB손해보험",8715
50,"남","암수술비(매회,유사암포함)",300,"메리츠화재",5332
50,"남","암수술비(매회,유사암포함)",300,"하나손해",6756
50,"남","암수술비(매회,유사암포함)",300,"롯데손해보험",6618
50,"남","암수술비(매회,유사암포함)",300,"현대해상화재",7335
50,"남","암수술비(매회,유사암포함)",300,"KB손해보험",6927
50,"남","암수술비(매회,유사암포함)",300,"한화손해보험",7050
50,"남","암수술비(매회,유사암포함)",300,"흥국화재",9570
50,"남","암수술비(매회,유사암포함)",300,"삼성화재",8870
50,"남","암수술비(매회,유사암포함)",300,"농협손해",9366
50,"남","암수술비(매회,유사암포함)",300,"DB손해보험",7494
50,"남","암직접치료입원일당(1-180,요양병원제외)",2,"메리츠화재",2718
50,"남","암직접치료입원일당(1-180,요양병원제외)",2,"하나손해",2226
50,"남","암직접치료입원일당(1-180,요양병원제외)",2,"롯데손해보험",1884
50,"남","암직접치료입원일당(1-180,요양병원제외)",2,"현대해상화재",2578
50,"남","암직접치료입원일당(1-180,요양병원제외)",2,"KB손해보험",2300
50,"남","암직접치료입원일당(1-180,요양병원제외)",2,"한화손해보험",3334
50,"남","암직접치료입원일당(1-180,요양병원제외)",2,"흥국화재",2496
50,"남","암직접치료입원일당(1-180,요양병원제외)",2,"삼성화재",3014
50,"남","암직접치료입원일당(1-180,요양병원제외)",2,"농협손해",3402
50,"남","암직접치료입원일당(1-180,요양병원제외)",2,"DB손해보험",2846
50,"남","암요양병원입원비(1~90)",1,"메리츠화재",389
50,"남","암요양병원입원비(1~90)",1,"하나손해",439
50,"남","암요양병원입원비(1~90)",1,"롯데손해보험",210
50,"남","암요양병원입원비(1~90)",1,"현대해상화재",351
50,"남","암요양병원입원비(1~90)",1,"KB손해보험",312
50,"남","암요양병원입원비(1~90)",1,"한화손해보험",486
50,"남","암요양병원입원비(1~90)",1,"흥국화재",325
50,"남","암요양병원입원비(1~90)",1,"삼성화재",443
50,"남","암요양병원입원비(1~90)",1,"농협손해",520
50,"남","암요양병원입원비(1~90)",1,"DB손해보험",396
50,"남","항암방사선약물치료비(최초1회한)",300,"메리츠화재",2802
50,"남","항암방사선약물치료비(최초1회한)",300,"하나손해",2565
50,"남","항암방사선약물치료비(최초1회한)",300,"롯데손해보험",2274
50,"남","항암방사선약물치료비(최초1회한)",300,"현대해상화재",4509
50,"남","항암방사선약물치료비(최초1회한)",300,"KB손해보험",5220
50,"남","항암방사선약물치료비(최초1회한)",300,"한화손해보험",4201
50,"남","항암방사선약물치료비(최초1회한)",300,"흥국화재",2103
50,"남","항암방사선약물치료비(최초1회한)",300,"삼성화재",5697
50,"남","항암방사선약물치료비(최초1회한)",300,"농협손해",3462
50,"남","항암방사선약물치료비(최초1회한)",300,"DB손해보험",2652
50,"남","표적항암약물허가치료비(최초1회한)",1000,"메리츠화재",1500
50,"남","표적항암약물허가치료비(최초1회한)",1000,"하나손해",1366
50,"남","표적항암약물허가치료비(최초1회한)",1000,"롯데손해보험",1469
50,"남","표적항암약물허가치료비(최초1회한)",1000,"현대해상화재",1547
50,"남","표적항암약물허가치료비(최초1회한)",1000,"KB손해보험",1222
50,"남","표적항암약물허가치료비(최초1회한)",1000,"한화손해보험",880
50,"남","표적항암약물허가치료비(최초1회한)",1000,"흥국화재",570
50,"남","표적항암약물허가치료비(최초1회한)",1000,"삼성화재",2490
50,"남","표적항암약물허가치료비(최초1회한)",1000,"농협손해",1025
50,"남","표적항암약물허가치료비(최초1회한)",1000,"DB손해보험",1120
50,"남","뇌혈관질환진단비",1000,"메리츠화재",14570
50,"남","뇌혈관질환진단비",1000,"하나손해",17760
50,"남","뇌혈관질환진단비",1000,"롯데손해보험",15430
50,"남","뇌혈관질환진단비",1000,"현대해상화재",16465
50,"남","뇌혈관질환진단비",1000,"KB손해보험",17210
50,"남","뇌혈관질환진단비",1000,"한화손해보험",15770
50,"남","뇌혈관질환진단비",1000,"흥국화재",15700
50,"남","뇌혈관질환진단비",1000,"삼성화재",15380
50,"남","뇌혈관질환진단비",1000,"농협손해",16250
50,"남","뇌혈관질환진단비",1000,"DB손해보험",17760
50,"남","뇌졸중진단비",1000,"메리츠화재",9790
50,"남","뇌졸중진단비",1000,"하나손해",10710
50,"남","뇌졸중진단비",1000,"롯데손해보험",12310
50,"남","뇌졸중진단비",1000,"현대해상화재",10365
50,"남","뇌졸중진단비",1000,"KB손해보험",13410
50,"남","뇌졸중진단비",1000,"한화손해보험",12410
50,"남","뇌졸중진단비",1000,"흥국화재",14510
50,"남","뇌졸중진단비",1000,"삼성화재",11340
50,"남","뇌졸중진단비",1000,"농협손해",15460
50,"남","뇌졸중진단비",1000,"DB손해보험",12020
50,"남","뇌출혈진단비",1000,"메리츠화재",2700
50,"남","뇌출혈진단비",1000,"하나손해",2230
50,"남","뇌출혈진단비",1000,"롯데손해보험",2520
50,"남","뇌출혈진단비",1000,"현대해상화재",2155
50,"남","뇌출혈진단비",1000,"KB손해보험",2680
50,"남","뇌출혈진단비",1000,"흥국화재",2920
50,"남","뇌출혈진단비",1000,"삼성화재",2550
50,"남","뇌출혈진단비",1000,"농협손해",3490
50,"남","뇌출혈진단비",1000,"DB손해보험",2550
50,"남","뇌혈관질환수술비(매회)",500,"메리츠화재",1480
50,"남","뇌혈관질환수술비(매회)",500,"하나손해",2035
50,"남","뇌혈관질환수술비(매회)",500,"롯데손해보험",1650
50,"남","뇌혈관질환수술비(매회)",500,"현대해상화재",3050
50,"남","뇌혈관질환수술비(매회)",500,"KB손해보험",1200
50,"남","뇌혈관질환수술비(매회)",500,"한화손해보험",2600
50,"남","뇌혈관질환수술비(매회)",500,"흥국화재",1400
50,"남","뇌혈관질환수술비(매회)",500,"농협손해",1755
50,"남","뇌혈관질환수술비(매회)",500,"DB손해보험",1800
50,"남","심장질환진단비",100,"현대해상화재",3929
50,"남","심장질환진단비",100,"KB손해보험",3424
50,"남","심장질환진단비",100,"한화손해보험",4800
50,"남","심장질환진단비",100,"흥국화재",2607
50,"남","심장질환진단비",100,"삼성화재",3550
50,"남","심장질환진단비",100,"농협손해",4357
50,"남","심장질환진단비",100,"DB손해보험",618
50,"남","허혈성심장질환진단비",1000,"메리츠화재",8640
50,"남","허혈성심장질환진단비",1000,"하나손해",9960
50,"남","허혈성심장질환진단비",1000,"롯데손해보험",9820
50,"남","허혈성심장질환진단비",1000,"현대해상화재",12780
50,"남","허혈성심장질환진단비",1000,"KB손해보험",10370
50,"남","허혈성심장질환진단비",1000,"한화손해보험",11520
50,"남","허혈성심장질환진단비",1000,"흥국화재",9780
50,"남","허혈성심장질환진단비",1000,"삼성화재",9110
50,"남","허혈성심장질환진단비",1000,"농협손해",8800
50,"남","허혈성심장질환진단비",1000,"DB손해보험",6840
50,"남","급성심근경색증진단비",1000,"메리츠화재",3180
50,"남","급성심근경색증진단비",1000,"하나손해",3810
50,"남","급성심근경색증진단비",1000,"롯데손해보험",3640
50,"남","급성심근경색증진단비",1000,"현대해상화재",3770
50,"남","급성심근경색증진단비",1000,"KB손해보험",3810
50,"남","급성심근경색증진단비",1000,"한화손해보험",5590
50,"남","급성심근경색증진단비",1000,"흥국화재",4480
50,"남","급성심근경색증진단비",1000,"삼성화재",4200
50,"남","급성심근경색증진단비",1000,"농협손해",6865
50,"남","급성심근경색증진단비",1000,"DB손해보험",3120
50,"남","허혈성심장질환수술비(매회)",500,"메리츠화재",2065
50,"남","허혈성심장질환수술비(매회)",500,"하나손해",2895
50,"남","허혈성심장질환수술비(매회)",500,"롯데손해보험",2250
50,"남","허혈성심장질환수술비(매회)",500,"현대해상화재",2650
50,"남","허혈성심장질환수술비(매회)",500,"KB손해보험",2540
50,"남","허혈성심장질환수술비(매회)",500,"한화손해보험",3500
50,"남","허혈성심장질환수술비(매회)",500,"흥국화재",3750
50,"남","허혈성심장질환수술비(매회)",500,"농협손해",2500
50,"남","허혈성심장질환수술비(매회)",500,"DB손해보험",2600
50,"남","상해수술비",10,"메리츠화재",482
50,"남","상해수술비",10,"하나손해",497
50,"남","상해수술비",10,"롯데손해보험",665
50,"남","상해수술비",10,"현대해상화재",569
50,"남","상해수술비",10,"KB손해보험",389
50,"남","상해수술비",10,"한화손해보험",468
50,"남","상해수술비",10,"흥국화재",433
50,"남","상해수술비",10,"삼성화재",708
50,"남","상해수술비",10,"농협손해",283
50,"남","상해수술비",10,"DB손해보험",455
50,"남","질병수술비",10,"메리츠화재",1934
50,"남","질병수술비",10,"하나손해",2369
50,"남","질병수술비",10,"롯데손해보험",2555
50,"남","질병수술비",10,"현대해상화재",3298
50,"남","질병수술비",10,"KB손해보험",2049
50,"남","질병수술비",10,"한화손해보험",2953
50,"남","질병수술비",10,"흥국화재",2717
50,"남","질병수술비",10,"삼성화재",2711
50,"남","질병수술비",10,"농협손해",1802
50,"남","질병수술비",10,"DB손해보험",5349
50,"남","N대질병수술비",100,"메리츠화재",14582
50,"남","N대질병수술비",100,"하나손해",20470
50,"남","N대질병수술비",100,"롯데손해보험",16540
50,"남","N대질병수술비",100,"현대해상화재",13403
50,"남","N대질병수술비",100,"KB손해보험",16370
50,"남","N대질병수술비",100,"한화손해보험",15080
50,"남","N대질병수술비",100,"흥국화재",15350
50,"남","N대질병수술비",100,"삼성화재",19133
50,"남","N대질병수술비",100,"농협손해",20463
50,"남","N대질병수술비",100,"DB손해보험",20450
50,"남","혈전용해치료비",200,"메리츠화재",522
50,"남","혈전용해치료비",200,"하나손해",310
50,"남","혈전용해치료비",200,"롯데손해보험",222
50,"남","혈전용해치료비",200,"현대해상화재",293
50,"남","혈전용해치료비",200,"KB손해보험",540
50,"남","혈전용해치료비",200,"한화손해보험",464
50,"남","혈전용해치료비",200,"흥국화재",352
50,"남","혈전용해치료비",200,"삼성화재",266
50,"남","혈전용해치료비",200,"농협손해",476
50,"남","혈전용해치료비",200,"DB손해보험",284
50,"남","상해(1~5종)수술비 (5종기준)",300,"메리츠화재",900
50,"남","상해(1~5종)수술비 (5종기준)",300,"롯데손해보험",979
50,"남","상해(1~5종)수술비 (5종기준)",300,"현대해상화재",1587
50,"남","상해(1~5종)수술비 (5종기준)",300,"KB손해보험",1039
50,"남","상해(1~5종)수술비 (5종기준)",300,"한화손해보험",1068
50,"남","상해(1~5종)수술비 (5종기준)",300,"흥국화재",880
50,"남","상해(1~5종)수술비 (5종기준)",300,"삼성화재",1702
50,"남","상해(1~5종)수술비 (5종기준)",300,"농협손해",884
50,"남","상해(1~5종)수술비 (5종기준)",300,"DB손해보험",1382
50,"남","질병(1~5종)수술비 (5종기준)",300,"메리츠화재",10364
50,"남","질병(1~5종)수술비 (5종기준)",300,"롯데손해보험",14342
50,"남","질병(1~5종)수술비 (5종기준)",300,"현대해상화재",12998
50,"남","질병(1~5종)수술비 (5종기준)",300,"KB손해보험",10850
50,"남","질병(1~5종)수술비 (5종기준)",300,"한화손해보험",12032
50,"남","질병(1~5종)수술비 (5종기준)",300,"흥국화재",12255
50,"남","질병(1~5종)수술비 (5종기준)",300,"삼성화재",13285
50,"남","질병(1~5종)수술비 (5종기준)",300,"농협손해",11912
50,"남","질병(1~5종)수술비 (5종기준)",300,"DB손해보험",11928
50,"남","질병입원비",1,"메리츠화재",6173
50,"남","질병입원비",1,"하나손해",7617
50,"남","질병입원비",1,"롯데손해보험",8311
50,"남","질병입원비",1,"현대해상화재",7109
50,"남","질병입원비",1,"KB손해보험",7786
50,"남","질병입원비",1,"한화손해보험",10745
50,"남","질병입원비",1,"흥국화재",7680
50,"남","질병입원비",1,"삼성화재",5774
50,"남","질병입원비",1,"농협손해",11778
50,"남","질병입원비",1,"DB손해보험",7099
50,"남","질병중환자실입원비",2,"메리츠화재",46
50,"남","질병중환자실입원비",2,"하나손해",112
50,"남","질병중환자실입원비",2,"롯데손해보험",82
50,"남","질병중환자실입원비",2,"현대해상화재",134
50,"남","질병중환자실입원비",2,"KB손해보험",64
50,"남","질병중환자실입원비",2,"한화손해보험",108
50,"남","질병중환자실입원비",2,"흥국화재",104
50,"남","질병중환자실입원비",2,"삼성화재",164
50,"남","질병중환자실입원비",2,"농협손해",142
50,"남","질병중환자실입원비",2,"DB손해보험",156
50,"남","상해입원비",1,"메리츠화재",1066
50,"남","상해입원비",1,"하나손해",1320
50,"남","상해입원비",1,"롯데손해보험",1454
50,"남","상해입원비",1,"현대해상화재",1501
50,"남","상해입원비",1,"KB손해보험",1407
50,"남","상해입원비",1,"한화손해보험",2062
50,"남","상해입원비",1,"흥국화재",3032
50,"남","상해입원비",1,"삼성화재",1420
50,"남","상해입원비",1,"농협손해",1996
50,"남","상해입원비",1,"DB손해보험",1229
50,"남","상해중환자실입원비",2,"메리츠화재",154
50,"남","상해중환자실입원비",2,"하나손해",192
50,"남","상해중환자실입원비",2,"롯데손해보험",264
50,"남","상해중환자실입원비",2,"현대해상화재",110
50,"남","상해중환자실입원비",2,"KB손해보험",192
50,"남","상해중환자실입원비",2,"한화손해보험",248
50,"남","상해중환자실입원비",2,"흥국화재",322
50,"남","상해중환자실입원비",2,"삼성화재",312
50,"남","상해중환자실입원비",2,"농협손해",308
50,"남","상해중환자실입원비",2,"DB손해보험",188
50,"남","골절진단비(치아파절제외)",10,"메리츠화재",671
50,"남","골절진단비(치아파절제외)",10,"하나손해",345
50,"남","골절진단비(치아파절제외)",10,"롯데손해보험",543
50,"남","골절진단비(치아파절제외)",10,"현대해상화재",621
50,"남","골절진단비(치아파절제외)",10,"KB손해보험",509
50,"남","골절진단비(치아파절제외)",10,"한화손해보험",686
50,"남","골절진단비(치아파절제외)",10,"흥국화재",696
50,"남","골절진단비(치아파절제외)",10,"삼성화재",645
50,"남","골절진단비(치아파절제외)",10,"농협손해",698
50,"남","골절진단비(치아파절제외)",10,"DB손해보험",665
50,"남","화상진단비",10,"메리츠화재",62
50,"남","화상진단비",10,"하나손해",53
50,"남","화상진단비",10,"롯데손해보험",79
50,"남","화상진단비",10,"현대해상화재",66
50,"남","화상진단비",10,"KB손해보험",48
50,"남","화상진단비",10,"한화손해보험",62
50,"남","화상진단비",10,"흥국화재",37
50,"남","화상진단비",10,"삼성화재",76
50,"남","화상진단비",10,"농협손해",52
50,"남","화상진단비",10,"DB손해보험",65
50,"여","상해후유장해(3~100%)",1000,"메리츠화재",660
50,"여","상해후유장해(3~100%)",1000,"롯데손해보험",550
50,"여","상해후유장해(3~100%)",1000,"하나손해",450
50,"여","상해후유장해(3~100%)",1000,"농협손해",371
50,"여","상해후유장해(3~100%)",1000,"한화손해보험",620
50,"여","상해후유장해(3~100%)",1000,"삼성화재",360
50,"여","상해후유장해(3~100%)",1000,"KB손해보험",570
50,"여","상해후유장해(3~100%)",1000,"흥국화재",690
50,"여","상해후유장해(3~100%)",1000,"현대해상화재",502
50,"여","상해후유장해(3~100%)",1000,"DB손해보험",650
50,"여","상해고도후유(80%이상)",1000,"메리츠화재",70
50,"여","상해고도후유(80%이상)",1000,"롯데손해보험",62
50,"여","상해고도후유(80%이상)",1000,"하나손해",35
50,"여","상해고도후유(80%이상)",1000,"농협손해",38
50,"여","상해고도후유(80%이상)",1000,"한화손해보험",70
50,"여","상해고도후유(80%이상)",1000,"삼성화재",40
50,"여","상해고도후유(80%이상)",1000,"KB손해보험",50
50,"여","상해고도후유(80%이상)",1000,"흥국화재",80
50,"여","상해고도후유(80%이상)",1000,"현대해상화재",40
50,"여","상해고도후유(80%이상)",1000,"DB손해보험",54
50,"여","상해사망",1000,"메리츠화재",300
50,"여","상해사망",1000,"롯데손해보험",250
50,"여","상해사망",1000,"하나손해",290
50,"여","상해사망",1000,"농협손해",440
50,"여","상해사망",1000,"한화손해보험",290
50,"여","상해사망",1000,"삼성화재",280
50,"여","상해사망",1000,"KB손해보험",400
50,"여","상해사망",1000,"흥국화재",310
50,"여","상해사망",1000,"현대해상화재",259
50,"여","상해사망",1000,"DB손해보험",380
50,"여","질병후유장해(3~100%)",1000,"메리츠화재",21110
50,"여","질병후유장해(3~100%)",1000,"롯데손해보험",16690
50,"여","질병후유장해(3~100%)",1000,"하나손해",17520
50,"여","질병후유장해(3~100%)",1000,"농협손해",32218
50,"여","질병후유장해(3~100%)",1000,"한화손해보험",21810
50,"여","질병후유장해(3~100%)",1000,"삼성화재",19300
50,"여","질병후유장해(3~100%)",1000,"KB손해보험",19910
50,"여","질병후유장해(3~100%)",1000,"흥국화재",18540
50,"여","질병후유장해(3~100%)",1000,"현대해상화재",28673
50,"여","질병후유장해(3~100%)",1000,"DB손해보험",24260
50,"여","질병고도후유(80%이상)",1000,"메리츠화재",1651
50,"여","질병고도후유(80%이상)",1000,"롯데손해보험",780
50,"여","질병고도후유(80%이상)",1000,"하나손해",860
50,"여","질병고도후유(80%이상)",1000,"농협손해",2538
50,"여","질병고도후유(80%이상)",1000,"한화손해보험",1715
50,"여","질병고도후유(80%이상)",1000,"삼성화재",1480
50,"여","질병고도후유(80%이상)",1000,"KB손해보험",1520
50,"여","질병고도후유(80%이상)",1000,"흥국화재",1440
50,"여","질병고도후유(80%이상)",1000,"현대해상화재",1406
50,"여","질병고도후유(80%이상)",1000,"DB손해보험",1150
50,"여","질병사망",1000,"메리츠화재",5750
50,"여","질병사망",1000,"롯데손해보험",4800
50,"여","질병사망",1000,"하나손해",5150
50,"여","질병사망",1000,"농협손해",7000
50,"여","질병사망",1000,"한화손해보험",7330
50,"여","질병사망",1000,"삼성화재",5500
50,"여","질병사망",1000,"KB손해보험",6390
50,"여","질병사망",1000,"흥국화재",5560
50,"여","질병사망",1000,"현대해상화재",5605
50,"여","질병사망",1000,"DB손해보험",6930
50,"여","가족일상생활중배상책임",10000,"메리츠화재",1870
50,"여","가족일상생활중배상책임",10000,"롯데손해보험",2145
50,"여","가족일상생활중배상책임",10000,"한화손해보험",1818
50,"여","가족일상생활중배상책임",10000,"삼성화재",3266
50,"여","가족일상생활중배상책임",10000,"KB손해보험",3099
50,"여","가족일상생활중배상책임",10000,"흥국화재",879
50,"여","가족일상생활중배상책임",10000,"현대해상화재",2718
50,"여","가족일상생활중배상책임",10000,"DB손해보험",2644
50,"여","암진단비(유사암제외)",3000,"메리츠화재",31620
50,"여","암진단비(유사암제외)",3000,"롯데손해보험",34800
50,"여","암진단비(유사암제외)",3000,"하나손해",38040
50,"여","암진단비(유사암제외)",3000,"농협손해",30120
50,"여","암진단비(유사암제외)",3000,"한화손해보험",33810
50,"여","암진단비(유사암제외)",3000,"삼성화재",38730
50,"여","암진단비(유사암제외)",3000,"KB손해보험",38880
50,"여","암진단비(유사암제외)",3000,"흥국화재",36870
50,"여","암진단비(유사암제외)",3000,"현대해상화재",35667
50,"여","암진단비(유사암제외)",3000,"DB손해보험",41550
50,"여","특정암진단비",500,"하나손해",2995
50,"여","특정암진단비",500,"삼성화재",2490
50,"여","특정암진단비",500,"KB손해보험",2635
50,"여","특정암진단비",500,"흥국화재",2275
50,"여","특정암진단비",500,"현대해상화재",2210
50,"여","특정암진단비",500,"DB손해보험",2645
50,"여","고액암진단비",1000,"메리츠화재",2190
50,"여","고액암진단비",1000,"롯데손해보험",1570
50,"여","고액암진단비",1000,"하나손해",1840
50,"여","고액암진단비",1000,"농협손해",1800
50,"여","고액암진단비",1000,"KB손해보험",1520
50,"여","고액암진단비",1000,"흥국화재",1760
50,"여","고액암진단비",1000,"현대해상화재",1830
50,"여","고액암진단비",1000,"DB손해보험",2110
50,"여","유사암진단비",1000,"메리츠화재",4370
50,"여","유사암진단비",1000,"롯데손해보험",4300
50,"여","유사암진단비",1000,"하나손해",4600
50,"여","유사암진단비",1000,"농협손해",3340
50,"여","유사암진단비",1000,"한화손해보험",5180
50,"여","유사암진단비",1000,"삼성화재",5500
50,"여","유사암진단비",1000,"KB손해보험",3760
50,"여","유사암진단비",1000,"흥국화재",4800
50,"여","유사암진단비",1000,"현대해상화재",6110
50,"여","유사암진단비",1000,"DB손해보험",5500
50,"여","암수술비(1회,유사암제외)",500,"롯데손해보험",5300
50,"여","암수술비(1회,유사암제외)",500,"한화손해보험",3650
50,"여","암수술비(1회,유사암제외)",500,"삼성화재",5700
50,"여","암수술비(1회,유사암제외)",500,"KB손해보험",5405
50,"여","암수술비(1회,유사암제외)",500,"흥국화재",5950
50,"여","암수술비(1회,유사암제외)",500,"DB손해보험",5370
50,"여","암수술비(매회,유사암포함)",300,"메리츠화재",3848
50,"여","암수술비(매회,유사암포함)",300,"롯데손해보험",4080
50,"여","암수술비(매회,유사암포함)",300,"하나손해",4203
50,"여","암수술비(매회,유사암포함)",300,"농협손해",4920
50,"여","암수술비(매회,유사암포함)",300,"한화손해보험",3612
50,"여","암수술비(매회,유사암포함)",300,"삼성화재",4446
50,"여","암수술비(매회,유사암포함)",300,"KB손해보험",4044
50,"여","암수술비(매회,유사암포함)",300,"흥국화재",4980
50,"여","암수술비(매회,유사암포함)",300,"현대해상화재",5367
50,"여","암수술비(매회,유사암포함)",300,"DB손해보험",4233
50,"여","암직접치료입원일당(1-180,요양병원제외)",2,"메리츠화재",1700
50,"여","암직접치료입원일당(1-180,요양병원제외)",2,"롯데손해보험",1152
50,"여","암직접치료입원일당(1-180,요양병원제외)",2,"하나손해",1486
50,"여","암직접치료입원일당(1-180,요양병원제외)",2,"농협손해",1398
50,"여","암직접치료입원일당(1-180,요양병원제외)",2,"한화손해보험",1964
50,"여","암직접치료입원일당(1-180,요양병원제외)",2,"삼성화재",1628
50,"여","암직접치료입원일당(1-180,요양병원제외)",2,"KB손해보험",1238
50,"여","암직접치료입원일당(1-180,요양병원제외)",2,"흥국화재",1508
50,"여","암직접치료입원일당(1-180,요양병원제외)",2,"현대해상화재",1892
50,"여","암직접치료입원일당(1-180,요양병원제외)",2,"DB손해보험",1796
50,"여","암요양병원입원비(1~90)",1,"메리츠화재",447
50,"여","암요양병원입원비(1~90)",1,"롯데손해보험",257
50,"여","암요양병원입원비(1~90)",1,"하나손해",409
50,"여","암요양병원입원비(1~90)",1,"농협손해",376
50,"여","암요양병원입원비(1~90)",1,"한화손해보험",516
50,"여","암요양병원입원비(1~90)",1,"삼성화재",444
50,"여","암요양병원입원비(1~90)",1,"KB손해보험",327
50,"여","암요양병원입원비(1~90)",1,"흥국화재",392
50,"여","암요양병원입원비(1~90)",1,"현대해상화재",520
50,"여","암요양병원입원비(1~90)",1,"DB손해보험",494
50,"여","항암방사선약물치료비(최초1회한)",300,"메리츠화재",2562
50,"여","항암방사선약물치료비(최초1회한)",300,"롯데손해보험",2040
50,"여","항암방사선약물치료비(최초1회한)",300,"하나손해",2058
50,"여","항암방사선약물치료비(최초1회한)",300,"농협손해",2076
50,"여","항암방사선약물치료비(최초1회한)",300,"한화손해보험",3037
50,"여","항암방사선약물치료비(최초1회한)",300,"삼성화재",3240
50,"여","항암방사선약물치료비(최초1회한)",300,"KB손해보험",3171
50,"여","항암방사선약물치료비(최초1회한)",300,"흥국화재",1863
50,"여","항암방사선약물치료비(최초1회한)",300,"현대해상화재",3417
50,"여","항암방사선약물치료비(최초1회한)",300,"DB손해보험",2391
50,"여","표적항암약물허가치료비(최초1회한)",1000,"메리츠화재",2140
50,"여","표적항암약물허가치료비(최초1회한)",1000,"롯데손해보험",1761
50,"여","표적항암약물허가치료비(최초1회한)",1000,"하나손해",1536
50,"여","표적항암약물허가치료비(최초1회한)",1000,"농협손해",1019
50,"여","표적항암약물허가치료비(최초1회한)",1000,"한화손해보험",1220
50,"여","표적항암약물허가치료비(최초1회한)",1000,"삼성화재",1800
50,"여","표적항암약물허가치료비(최초1회한)",1000,"KB손해보험",948
50,"여","표적항암약물허가치료비(최초1회한)",1000,"흥국화재",960
50,"여","표적항암약물허가치료비(최초1회한)",1000,"현대해상화재",2009
50,"여","표적항암약물허가치료비(최초1회한)",1000,"DB손해보험",1510
50,"여","뇌혈관질환진단비",1000,"메리츠화재",12440
50,"여","뇌혈관질환진단비",1000,"롯데손해보험",13110
50,"여","뇌혈관질환진단비",1000,"하나손해",15150
50,"여","뇌혈관질환진단비",1000,"농협손해",11660
50,"여","뇌혈관질환진단비",1000,"한화손해보험",12470
50,"여","뇌혈관질환진단비",1000,"삼성화재",14370
50,"여","뇌혈관질환진단비",1000,"KB손해보험",13800
50,"여","뇌혈관질환진단비",1000,"흥국화재",13390
50,"여","뇌혈관질환진단비",1000,"현대해상화재",14705
50,"여","뇌혈관질환진단비",1000,"DB손해보험",16680
50,"여","뇌졸중진단비",1000,"메리츠화재",5910
50,"여","뇌졸중진단비",1000,"롯데손해보험",6940
50,"여","뇌졸중진단비",1000,"하나손해",6630
50,"여","뇌졸중진단비",1000,"농협손해",7220
50,"여","뇌졸중진단비",1000,"한화손해보험",6440
50,"여","뇌졸중진단비",1000,"삼성화재",7420
50,"여","뇌졸중진단비",1000,"KB손해보험",7100
50,"여","뇌졸중진단비",1000,"흥국화재",8170
50,"여","뇌졸중진단비",1000,"현대해상화재",5930
50,"여","뇌졸중진단비",1000,"DB손해보험",8140
50,"여","뇌출혈진단비",1000,"메리츠화재",2600
50,"여","뇌출혈진단비",1000,"롯데손해보험",2290
50,"여","뇌출혈진단비",1000,"하나손해",1830
50,"여","뇌출혈진단비",1000,"농협손해",2500
50,"여","뇌출혈진단비",1000,"삼성화재",1890
50,"여","뇌출혈진단비",1000,"KB손해보험",2220
50,"여","뇌출혈진단비",1000,"흥국화재",2570
50,"여","뇌출혈진단비",1000,"현대해상화재",1645
50,"여","뇌출혈진단비",1000,"DB손해보험",2300
50,"여","뇌혈관질환수술비(매회)",500,"메리츠화재",1660
50,"여","뇌혈관질환수술비(매회)",500,"롯데손해보험",1050
50,"여","뇌혈관질환수술비(매회)",500,"하나손해",2155
50,"여","뇌혈관질환수술비(매회)",500,"농협손해",1795
50,"여","뇌혈관질환수술비(매회)",500,"한화손해보험",2600
50,"여","뇌혈관질환수술비(매회)",500,"KB손해보험",1575
50,"여","뇌혈관질환수술비(매회)",500,"흥국화재",1500
50,"여","뇌혈관질환수술비(매회)",500,"현대해상화재",2300
50,"여","뇌혈관질환수술비(매회)",500,"DB손해보험",1700
50,"여","심장질환진단비",100,"농협손해",1857
50,"여","심장질환진단비",100,"한화손해보험",1880
50,"여","심장질환진단비",100,"삼성화재",3200
50,"여","심장질환진단비",100,"KB손해보험",2189
50,"여","심장질환진단비",100,"흥국화재",1301
50,"여","심장질환진단비",100,"현대해상화재",2658
50,"여","심장질환진단비",100,"DB손해보험",452
50,"여","허혈성심장질환진단비",1000,"메리츠화재",3610
50,"여","허혈성심장질환진단비",1000,"롯데손해보험",4100
50,"여","허혈성심장질환진단비",1000,"하나손해",4260
50,"여","허혈성심장질환진단비",1000,"농협손해",3660
50,"여","허혈성심장질환진단비",1000,"한화손해보험",3900
50,"여","허혈성심장질환진단비",1000,"삼성화재",4100
50,"여","허혈성심장질환진단비",1000,"KB손해보험",4400
50,"여","허혈성심장질환진단비",1000,"흥국화재",4070
50,"여","허혈성심장질환진단비",1000,"현대해상화재",5490
50,"여","허혈성심장질환진단비",1000,"DB손해보험",5030
50,"여","급성심근경색증진단비",1000,"메리츠화재",900
50,"여","급성심근경색증진단비",1000,"롯데손해보험",1000
50,"여","급성심근경색증진단비",1000,"하나손해",1110
50,"여","급성심근경색증진단비",1000,"농협손해",2617
50,"여","급성심근경색증진단비",1000,"한화손해보험",1480
50,"여","급성심근경색증진단비",1000,"삼성화재",1160
50,"여","급성심근경색증진단비",1000,"KB손해보험",1120
50,"여","급성심근경색증진단비",1000,"흥국화재",1260
50,"여","급성심근경색증진단비",1000,"현대해상화재",1430
50,"여","급성심근경색증진단비",1000,"DB손해보험",2000
50,"여","허혈성심장질환수술비(매회)",500,"메리츠화재",1510
50,"여","허혈성심장질환수술비(매회)",500,"롯데손해보험",950
50,"여","허혈성심장질환수술비(매회)",500,"하나손해",1240
50,"여","허혈성심장질환수술비(매회)",500,"농협손해",1800
50,"여","허혈성심장질환수술비(매회)",500,"한화손해보험",2400
50,"여","허혈성심장질환수술비(매회)",500,"KB손해보험",1635
50,"여","허혈성심장질환수술비(매회)",500,"흥국화재",2500
50,"여","허혈성심장질환수술비(매회)",500,"현대해상화재",750
50,"여","허혈성심장질환수술비(매회)",500,"DB손해보험",950
50,"여","상해수술비",10,"메리츠화재",484
50,"여","상해수술비",10,"롯데손해보험",439
50,"여","상해수술비",10,"하나손해",402
50,"여","상해수술비",10,"농협손해",236
50,"여","상해수술비",10,"한화손해보험",514
50,"여","상해수술비",10,"삼성화재",558
50,"여","상해수술비",10,"KB손해보험",852
50,"여","상해수술비",10,"흥국화재",742
50,"여","상해수술비",10,"현대해상화재",598
50,"여","상해수술비",10,"DB손해보험",476
50,"여","질병수술비",10,"메리츠화재",2172
50,"여","질병수술비",10,"롯데손해보험",2494
50,"여","질병수술비",10,"하나손해",2561
50,"여","질병수술비",10,"농협손해",1831
50,"여","질병수술비",10,"한화손해보험",3032
50,"여","질병수술비",10,"삼성화재",2646
50,"여","질병수술비",10,"KB손해보험",2162
50,"여","질병수술비",10,"흥국화재",2886
50,"여","질병수술비",10,"현대해상화재",3452
50,"여","질병수술비",10,"DB손해보험",5587
50,"여","N대질병수술비",100,"메리츠화재",15871
50,"여","N대질병수술비",100,"롯데손해보험",14260
50,"여","N대질병수술비",100,"하나손해",23880
50,"여","N대질병수술비",100,"농협손해",20975
50,"여","N대질병수술비",100,"한화손해보험",17060
50,"여","N대질병수술비",100,"삼성화재",20096
50,"여","N대질병수술비",100,"KB손해보험",17650
50,"여","N대질병수술비",100,"흥국화재",17860
50,"여","N대질병수술비",100,"현대해상화재",11980
50,"여","N대질병수술비",100,"DB손해보험",20440
50,"여","혈전용해치료비",200,"메리츠화재",240
50,"여","혈전용해치료비",200,"롯데손해보험",106
50,"여","혈전용해치료비",200,"하나손해",144
50,"여","혈전용해치료비",200,"농협손해",154
50,"여","혈전용해치료비",200,"한화손해보험",212
50,"여","혈전용해치료비",200,"삼성화재",116
50,"여","혈전용해치료비",200,"KB손해보험",262
50,"여","혈전용해치료비",200,"흥국화재",208
50,"여","혈전용해치료비",200,"현대해상화재",151
50,"여","혈전용해치료비",200,"DB손해보험",172
50,"여","상해(1~5종)수술비 (5종기준)",300,"메리츠화재",822
50,"여","상해(1~5종)수술비 (5종기준)",300,"롯데손해보험",903
50,"여","상해(1~5종)수술비 (5종기준)",300,"농협손해",859
50,"여","상해(1~5종)수술비 (5종기준)",300,"한화손해보험",1273
50,"여","상해(1~5종)수술비 (5종기준)",300,"삼성화재",1569
50,"여","상해(1~5종)수술비 (5종기준)",300,"KB손해보험",2616
50,"여","상해(1~5종)수술비 (5종기준)",300,"흥국화재",1876
50,"여","상해(1~5종)수술비 (5종기준)",300,"현대해상화재",1972
50,"여","상해(1~5종)수술비 (5종기준)",300,"DB손해보험",1470
50,"여","질병(1~5종)수술비 (5종기준)",300,"메리츠화재",10228
50,"여","질병(1~5종)수술비 (5종기준)",300,"롯데손해보험",12443
50,"여","질병(1~5종)수술비 (5종기준)",300,"농협손해",10852
50,"여","질병(1~5종)수술비 (5종기준)",300,"한화손해보험",13164
50,"여","질병(1~5종)수술비 (5종기준)",300,"삼성화재",11756
50,"여","질병(1~5종)수술비 (5종기준)",300,"KB손해보험",10412
50,"여","질병(1~5종)수술비 (5종기준)",300,"흥국화재",11893
50,"여","질병(1~5종)수술비 (5종기준)",300,"현대해상화재",13127
50,"여","질병(1~5종)수술비 (5종기준)",300,"DB손해보험",10653
50,"여","질병입원비",1,"메리츠화재",7830
50,"여","질병입원비",1,"롯데손해보험",9486
50,"여","질병입원비",1,"하나손해",9038
50,"여","질병입원비",1,"농협손해",10772
50,"여","질병입원비",1,"한화손해보험",13700
50,"여","질병입원비",1,"삼성화재",6057
50,"여","질병입원비",1,"KB손해보험",9144
50,"여","질병입원비",1,"흥국화재",9883
50,"여","질병입원비",1,"현대해상화재",7677
50,"여","질병입원비",1,"DB손해보험",7154
50,"여","질병중환자실입원비",2,"메리츠화재",58
50,"여","질병중환자실입원비",2,"롯데손해보험",94
50,"여","질병중환자실입원비",2,"하나손해",110
50,"여","질병중환자실입원비",2,"농협손해",130
50,"여","질병중환자실입원비",2,"한화손해보험",138
50,"여","질병중환자실입원비",2,"삼성화재",270
50,"여","질병중환자실입원비",2,"KB손해보험",76
50,"여","질병중환자실입원비",2,"흥국화재",132
50,"여","질병중환자실입원비",2,"현대해상화재",160
50,"여","질병중환자실입원비",2,"DB손해보험",78
50,"여","상해입원비",1,"메리츠화재",1691
50,"여","상해입원비",1,"롯데손해보험",1466
50,"여","상해입원비",1,"하나손해",1829
50,"여","상해입원비",1,"농협손해",2731
50,"여","상해입원비",1,"한화손해보험",2910
50,"여","상해입원비",1,"삼성화재",1842
50,"여","상해입원비",1,"KB손해보험",1971
50,"여","상해입원비",1,"흥국화재",4221
50,"여","상해입원비",1,"현대해상화재",2543
50,"여","상해입원비",1,"DB손해보험",1664
50,"여","상해중환자실입원비",2,"메리츠화재",218
50,"여","상해중환자실입원비",2,"롯데손해보험",240
50,"여","상해중환자실입원비",2,"하나손해",190
50,"여","상해중환자실입원비",2,"농협손해",420
50,"여","상해중환자실입원비",2,"한화손해보험",272
50,"여","상해중환자실입원비",2,"삼성화재",404
50,"여","상해중환자실입원비",2,"KB손해보험",224
50,"여","상해중환자실입원비",2,"흥국화재",414
50,"여","상해중환자실입원비",2,"현대해상화재",120
50,"여","상해중환자실입원비",2,"DB손해보험",210
50,"여","골절진단비(치아파절제외)",10,"메리츠화재",828
50,"여","골절진단비(치아파절제외)",10,"롯데손해보험",631
50,"여","골절진단비(치아파절제외)",10,"하나손해",557
50,"여","골절진단비(치아파절제외)",10,"농협손해",903
50,"여","골절진단비(치아파절제외)",10,"한화손해보험",831
50,"여","골절진단비(치아파절제외)",10,"삼성화재",1002
50,"여","골절진단비(치아파절제외)",10,"KB손해보험",692
50,"여","골절진단비(치아파절제외)",10,"흥국화재",1632
50,"여","골절진단비(치아파절제외)",10,"현대해상화재",908
50,"여","골절진단비(치아파절제외)",10,"DB손해보험",812
50,"여","화상진단비",10,"메리츠화재",122
50,"여","화상진단비",10,"롯데손해보험",111
50,"여","화상진단비",10,"하나손해",103
50,"여","화상진단비",10,"농협손해",111
50,"여","화상진단비",10,"한화손해보험",118
50,"여","화상진단비",10,"삼성화재",177
50,"여","화상진단비",10,"KB손해보험",82
50,"여","화상진단비",10,"흥국화재",158
50,"여","화상진단비",10,"현대해상화재",157
50,"여","화상진단비",10,"DB손해보험",127
